t,        x,        y,        z
0.0,  6771000.000,  0.000,  0.000
1.0,  6770995.609,  7672.597,  0.000
2.0,  6770982.525,  15345.184,  0.000
3.0,  6770960.745,  23017.752,  0.000
4.0,  6770930.272,  30690.290,  0.000
5.0,  6770891.105,  38362.788,  0.000
6.0,  6770843.243,  46035.237,  0.000
7.0,  6770786.688,  53707.627,  0.000
8.0,  6770721.438,  61379.948,  0.000
9.0,  6770647.495,  69052.191,  0.000
10.0,  6770564.857,  76724.345,  0.000
11.0,  6770473.526,  84396.400,  0.000
12.0,  6770373.502,  92068.346,  0.000
13.0,  6770264.784,  99740.175,  0.000
14.0,  6770147.373,  107411.876,  0.000
15.0,  6770021.268,  115083.438,  0.000
16.0,  6769886.471,  122754.853,  0.000
17.0,  6769742.981,  130426.110,  0.000
18.0,  6769590.798,  138097.200,  0.000
19.0,  6769429.922,  145768.112,  0.000
20.0,  6769260.355,  153438.837,  0.000
21.0,  6769082.095,  161109.366,  0.000
22.0,  6768895.144,  168779.687,  0.000
23.0,  6768699.501,  176449.791,  0.000
24.0,  6768495.167,  184119.670,  0.000
25.0,  6768282.141,  191789.311,  0.000
26.0,  6768060.425,  199458.706,  0.000
27.0,  6767830.019,  207127.846,  0.000
28.0,  6767590.922,  214796.719,  0.000
29.0,  6767343.136,  222465.316,  0.000
30.0,  6767086.659,  230133.628,  0.000
31.0,  6766821.494,  237801.645,  0.000
32.0,  6766547.640,  245469.356,  0.000
33.0,  6766265.097,  253136.751,  0.000
34.0,  6765973.866,  260803.822,  0.000
35.0,  6765673.947,  268470.558,  0.000
36.0,  6765365.341,  276136.949,  0.000
37.0,  6765048.048,  283802.986,  0.000
38.0,  6764722.068,  291468.658,  0.000
39.0,  6764387.402,  299133.956,  0.000
40.0,  6764044.050,  306798.869,  0.000
41.0,  6763692.013,  314463.389,  0.000
42.0,  6763331.291,  322127.505,  0.000
43.0,  6762961.885,  329791.208,  0.000
44.0,  6762583.795,  337454.487,  0.000
45.0,  6762197.021,  345117.332,  0.000
46.0,  6761801.564,  352779.735,  0.000
47.0,  6761397.425,  360441.684,  0.000
48.0,  6760984.604,  368103.171,  0.000
49.0,  6760563.101,  375764.185,  0.000
50.0,  6760132.918,  383424.716,  0.000
51.0,  6759694.054,  391084.756,  0.000
52.0,  6759246.511,  398744.293,  0.000
53.0,  6758790.288,  406403.318,  0.000
54.0,  6758325.387,  414061.821,  0.000
55.0,  6757851.808,  421719.792,  0.000
56.0,  6757369.552,  429377.222,  0.000
57.0,  6756878.618,  437034.101,  0.000
58.0,  6756379.009,  444690.419,  0.000
59.0,  6755870.724,  452346.165,  0.000
60.0,  6755353.764,  460001.331,  0.000
61.0,  6754828.130,  467655.906,  0.000
62.0,  6754293.823,  475309.880,  0.000
63.0,  6753750.843,  482963.244,  0.000
64.0,  6753199.191,  490615.989,  0.000
65.0,  6752638.867,  498268.103,  0.000
66.0,  6752069.873,  505919.577,  0.000
67.0,  6751492.208,  513570.402,  0.000
68.0,  6750905.875,  521220.567,  0.000
69.0,  6750310.873,  528870.063,  0.000
70.0,  6749707.203,  536518.880,  0.000
71.0,  6749094.866,  544167.007,  0.000
72.0,  6748473.864,  551814.437,  0.000
73.0,  6747844.196,  559461.157,  0.000
74.0,  6747205.863,  567107.160,  0.000
75.0,  6746558.867,  574752.434,  0.000
76.0,  6745903.207,  582396.970,  0.000
77.0,  6745238.886,  590040.758,  0.000
78.0,  6744565.904,  597683.789,  0.000
79.0,  6743884.261,  605326.052,  0.000
80.0,  6743193.959,  612967.538,  0.000
81.0,  6742494.998,  620608.236,  0.000
82.0,  6741787.380,  628248.138,  0.000
83.0,  6741071.105,  635887.234,  0.000
84.0,  6740346.174,  643525.512,  0.000
85.0,  6739612.588,  651162.965,  0.000
86.0,  6738870.348,  658799.581,  0.000
87.0,  6738119.455,  666435.351,  0.000
88.0,  6737359.910,  674070.266,  0.000
89.0,  6736591.714,  681704.315,  0.000
90.0,  6735814.868,  689337.489,  0.000
91.0,  6735029.373,  696969.777,  0.000
92.0,  6734235.230,  704601.171,  0.000
93.0,  6733432.439,  712231.660,  0.000
94.0,  6732621.003,  719861.234,  0.000
95.0,  6731800.922,  727489.884,  0.000
96.0,  6730972.197,  735117.600,  0.000
97.0,  6730134.828,  742744.372,  0.000
98.0,  6729288.819,  750370.191,  0.000
99.0,  6728434.168,  757995.045,  0.000
100.0,  6727570.878,  765618.927,  0.000
101.0,  6726698.949,  773241.825,  0.000
102.0,  6725818.383,  780863.731,  0.000
103.0,  6724929.181,  788484.634,  0.000
104.0,  6724031.343,  796104.524,  0.000
105.0,  6723124.872,  803723.392,  0.000
106.0,  6722209.768,  811341.228,  0.000
107.0,  6721286.032,  818958.023,  0.000
108.0,  6720353.666,  826573.766,  0.000
109.0,  6719412.670,  834188.447,  0.000
110.0,  6718463.047,  841802.057,  0.000
111.0,  6717504.796,  849414.587,  0.000
112.0,  6716537.920,  857026.025,  0.000
113.0,  6715562.420,  864636.363,  0.000
114.0,  6714578.297,  872245.591,  0.000
115.0,  6713585.552,  879853.699,  0.000
116.0,  6712584.186,  887460.678,  0.000
117.0,  6711574.201,  895066.516,  0.000
118.0,  6710555.598,  902671.206,  0.000
119.0,  6709528.379,  910274.736,  0.000
120.0,  6708492.544,  917877.097,  0.000
121.0,  6707448.095,  925478.280,  0.000
122.0,  6706395.033,  933078.275,  0.000
123.0,  6705333.360,  940677.071,  0.000
124.0,  6704263.078,  948274.660,  0.000
125.0,  6703184.186,  955871.031,  0.000
126.0,  6702096.687,  963466.174,  0.000
127.0,  6701000.583,  971060.081,  0.000
128.0,  6699895.874,  978652.740,  0.000
129.0,  6698782.563,  986244.143,  0.000
130.0,  6697660.649,  993834.279,  0.000
131.0,  6696530.136,  1001423.140,  0.000
132.0,  6695391.024,  1009010.714,  0.000
133.0,  6694243.315,  1016596.993,  0.000
134.0,  6693087.010,  1024181.967,  0.000
135.0,  6691922.110,  1031765.625,  0.000
136.0,  6690748.619,  1039347.959,  0.000
137.0,  6689566.535,  1046928.958,  0.000
138.0,  6688375.863,  1054508.612,  0.000
139.0,  6687176.601,  1062086.913,  0.000
140.0,  6685968.754,  1069663.850,  0.000
141.0,  6684752.321,  1077239.413,  0.000
142.0,  6683527.305,  1084813.593,  0.000
143.0,  6682293.707,  1092386.381,  0.000
144.0,  6681051.528,  1099957.765,  0.000
145.0,  6679800.771,  1107527.737,  0.000
146.0,  6678541.436,  1115096.287,  0.000
147.0,  6677273.526,  1122663.406,  0.000
148.0,  6675997.042,  1130229.082,  0.000
149.0,  6674711.986,  1137793.308,  0.000
150.0,  6673418.359,  1145356.072,  0.000
151.0,  6672116.163,  1152917.366,  0.000
152.0,  6670805.400,  1160477.179,  0.000
153.0,  6669486.071,  1168035.502,  0.000
154.0,  6668158.178,  1175592.326,  0.000
155.0,  6666821.723,  1183147.640,  0.000
156.0,  6665476.707,  1190701.434,  0.000
157.0,  6664123.133,  1198253.700,  0.000
158.0,  6662761.002,  1205804.427,  0.000
159.0,  6661390.315,  1213353.606,  0.000
160.0,  6660011.075,  1220901.227,  0.000
161.0,  6658623.283,  1228447.280,  0.000
162.0,  6657226.941,  1235991.756,  0.000
163.0,  6655822.051,  1243534.644,  0.000
164.0,  6654408.615,  1251075.936,  0.000
165.0,  6652986.634,  1258615.622,  0.000
166.0,  6651556.110,  1266153.691,  0.000
167.0,  6650117.045,  1273690.135,  0.000
168.0,  6648669.442,  1281224.943,  0.000
169.0,  6647213.301,  1288758.106,  0.000
170.0,  6645748.624,  1296289.614,  0.000
171.0,  6644275.415,  1303819.458,  0.000
172.0,  6642793.673,  1311347.627,  0.000
173.0,  6641303.402,  1318874.113,  0.000
174.0,  6639804.604,  1326398.905,  0.000
175.0,  6638297.279,  1333921.994,  0.000
176.0,  6636781.431,  1341443.370,  0.000
177.0,  6635257.061,  1348963.024,  0.000
178.0,  6633724.170,  1356480.945,  0.000
179.0,  6632182.762,  1363997.125,  0.000
180.0,  6630632.838,  1371511.553,  0.000
181.0,  6629074.399,  1379024.221,  0.000
182.0,  6627507.449,  1386535.117,  0.000
183.0,  6625931.989,  1394044.233,  0.000
184.0,  6624348.020,  1401551.559,  0.000
185.0,  6622755.546,  1409057.086,  0.000
186.0,  6621154.567,  1416560.803,  0.000
187.0,  6619545.087,  1424062.701,  0.000
188.0,  6617927.107,  1431562.771,  0.000
189.0,  6616300.629,  1439061.002,  0.000
190.0,  6614665.656,  1446557.386,  0.000
191.0,  6613022.189,  1454051.912,  0.000
192.0,  6611370.231,  1461544.571,  0.000
193.0,  6609709.783,  1469035.354,  0.000
194.0,  6608040.848,  1476524.250,  0.000
195.0,  6606363.428,  1484011.250,  0.000
196.0,  6604677.526,  1491496.345,  0.000
197.0,  6602983.142,  1498979.524,  0.000
198.0,  6601280.280,  1506460.779,  0.000
199.0,  6599568.942,  1513940.099,  0.000
200.0,  6597849.129,  1521417.476,  0.000
201.0,  6596120.845,  1528892.899,  0.000
202.0,  6594384.091,  1536366.358,  0.000
203.0,  6592638.869,  1543837.845,  0.000
204.0,  6590885.182,  1551307.350,  0.000
205.0,  6589123.032,  1558774.862,  0.000
206.0,  6587352.421,  1566240.373,  0.000
207.0,  6585573.352,  1573703.873,  0.000
208.0,  6583785.827,  1581165.353,  0.000
209.0,  6581989.847,  1588624.802,  0.000
210.0,  6580185.417,  1596082.211,  0.000
211.0,  6578372.536,  1603537.570,  0.000
212.0,  6576551.209,  1610990.871,  0.000
213.0,  6574721.438,  1618442.103,  0.000
214.0,  6572883.224,  1625891.257,  0.000
215.0,  6571036.570,  1633338.323,  0.000
216.0,  6569181.479,  1640783.292,  0.000
217.0,  6567317.952,  1648226.154,  0.000
218.0,  6565445.993,  1655666.899,  0.000
219.0,  6563565.603,  1663105.519,  0.000
220.0,  6561676.786,  1670542.003,  0.000
221.0,  6559779.543,  1677976.342,  0.000
222.0,  6557873.877,  1685408.527,  0.000
223.0,  6555959.790,  1692838.547,  0.000
224.0,  6554037.285,  1700266.394,  0.000
225.0,  6552106.365,  1707692.057,  0.000
226.0,  6550167.031,  1715115.528,  0.000
227.0,  6548219.286,  1722536.796,  0.000
228.0,  6546263.134,  1729955.853,  0.000
229.0,  6544298.575,  1737372.688,  0.000
230.0,  6542325.614,  1744787.292,  0.000
231.0,  6540344.251,  1752199.656,  0.000
232.0,  6538354.491,  1759609.770,  0.000
233.0,  6536356.335,  1767017.625,  0.000
234.0,  6534349.786,  1774423.211,  0.000
235.0,  6532334.847,  1781826.518,  0.000
236.0,  6530311.519,  1789227.537,  0.000
237.0,  6528279.807,  1796626.259,  0.000
238.0,  6526239.712,  1804022.674,  0.000
239.0,  6524191.237,  1811416.772,  0.000
240.0,  6522134.384,  1818808.545,  0.000
241.0,  6520069.157,  1826197.982,  0.000
242.0,  6517995.558,  1833585.074,  0.000
243.0,  6515913.589,  1840969.812,  0.000
244.0,  6513823.254,  1848352.186,  0.000
245.0,  6511724.554,  1855732.186,  0.000
246.0,  6509617.493,  1863109.804,  0.000
247.0,  6507502.074,  1870485.029,  0.000
248.0,  6505378.298,  1877857.852,  0.000
249.0,  6503246.170,  1885228.265,  0.000
250.0,  6501105.691,  1892596.256,  0.000
251.0,  6498956.864,  1899961.817,  0.000
252.0,  6496799.692,  1907324.939,  0.000
253.0,  6494634.178,  1914685.612,  0.000
254.0,  6492460.324,  1922043.826,  0.000
255.0,  6490278.134,  1929399.572,  0.000
256.0,  6488087.610,  1936752.840,  0.000
257.0,  6485888.755,  1944103.622,  0.000
258.0,  6483681.572,  1951451.907,  0.000
259.0,  6481466.063,  1958797.687,  0.000
260.0,  6479242.232,  1966140.951,  0.000
261.0,  6477010.082,  1973481.691,  0.000
262.0,  6474769.614,  1980819.897,  0.000
263.0,  6472520.833,  1988155.559,  0.000
264.0,  6470263.740,  1995488.669,  0.000
265.0,  6467998.340,  2002819.216,  0.000
266.0,  6465724.634,  2010147.191,  0.000
267.0,  6463442.626,  2017472.585,  0.000
268.0,  6461152.318,  2024795.389,  0.000
269.0,  6458853.714,  2032115.593,  0.000
270.0,  6456546.817,  2039433.187,  0.000
271.0,  6454231.629,  2046748.163,  0.000
272.0,  6451908.153,  2054060.511,  0.000
273.0,  6449576.393,  2061370.221,  0.000
274.0,  6447236.352,  2068677.284,  0.000
275.0,  6444888.031,  2075981.691,  0.000
276.0,  6442531.436,  2083283.432,  0.000
277.0,  6440166.567,  2090582.498,  0.000
278.0,  6437793.430,  2097878.880,  0.000
279.0,  6435412.025,  2105172.568,  0.000
280.0,  6433022.358,  2112463.553,  0.000
281.0,  6430624.430,  2119751.825,  0.000
282.0,  6428218.245,  2127037.376,  0.000
283.0,  6425803.806,  2134320.195,  0.000
284.0,  6423381.115,  2141600.274,  0.000
285.0,  6420950.177,  2148877.603,  0.000
286.0,  6418510.994,  2156152.172,  0.000
287.0,  6416063.569,  2163423.973,  0.000
288.0,  6413607.906,  2170692.996,  0.000
289.0,  6411144.007,  2177959.232,  0.000
290.0,  6408671.876,  2185222.671,  0.000
291.0,  6406191.516,  2192483.304,  0.000
292.0,  6403702.930,  2199741.122,  0.000
293.0,  6401206.122,  2206996.115,  0.000
294.0,  6398701.094,  2214248.275,  0.000
295.0,  6396187.850,  2221497.591,  0.000
296.0,  6393666.392,  2228744.054,  0.000
297.0,  6391136.725,  2235987.656,  0.000
298.0,  6388598.852,  2243228.387,  0.000
299.0,  6386052.775,  2250466.237,  0.000
300.0,  6383498.498,  2257701.198,  0.000
301.0,  6380936.025,  2264933.260,  0.000
302.0,  6378365.358,  2272162.413,  0.000
303.0,  6375786.500,  2279388.649,  0.000
304.0,  6373199.456,  2286611.958,  0.000
305.0,  6370604.229,  2293832.331,  0.000
306.0,  6368000.821,  2301049.758,  0.000
307.0,  6365389.237,  2308264.231,  0.000
308.0,  6362769.479,  2315475.740,  0.000
309.0,  6360141.551,  2322684.275,  0.000
310.0,  6357505.456,  2329889.829,  0.000
311.0,  6354861.198,  2337092.390,  0.000
312.0,  6352208.780,  2344291.951,  0.000
313.0,  6349548.205,  2351488.501,  0.000
314.0,  6346879.477,  2358682.032,  0.000
315.0,  6344202.600,  2365872.534,  0.000
316.0,  6341517.576,  2373059.999,  0.000
317.0,  6338824.409,  2380244.416,  0.000
318.0,  6336123.103,  2387425.777,  0.000
319.0,  6333413.662,  2394604.072,  0.000
320.0,  6330696.087,  2401779.293,  0.000
321.0,  6327970.384,  2408951.429,  0.000
322.0,  6325236.555,  2416120.473,  0.000
323.0,  6322494.605,  2423286.414,  0.000
324.0,  6319744.536,  2430449.243,  0.000
325.0,  6316986.352,  2437608.951,  0.000
326.0,  6314220.057,  2444765.530,  0.000
327.0,  6311445.654,  2451918.969,  0.000
328.0,  6308663.147,  2459069.260,  0.000
329.0,  6305872.539,  2466216.393,  0.000
330.0,  6303073.834,  2473360.360,  0.000
331.0,  6300267.036,  2480501.151,  0.000
332.0,  6297452.148,  2487638.756,  0.000
333.0,  6294629.173,  2494773.167,  0.000
334.0,  6291798.116,  2501904.375,  0.000
335.0,  6288958.980,  2509032.371,  0.000
336.0,  6286111.769,  2516157.144,  0.000
337.0,  6283256.486,  2523278.687,  0.000
338.0,  6280393.135,  2530396.990,  0.000
339.0,  6277521.719,  2537512.043,  0.000
340.0,  6274642.243,  2544623.838,  0.000
341.0,  6271754.710,  2551732.366,  0.000
342.0,  6268859.124,  2558837.618,  0.000
343.0,  6265955.488,  2565939.583,  0.000
344.0,  6263043.807,  2573038.254,  0.000
345.0,  6260124.083,  2580133.621,  0.000
346.0,  6257196.321,  2587225.675,  0.000
347.0,  6254260.525,  2594314.406,  0.000
348.0,  6251316.697,  2601399.807,  0.000
349.0,  6248364.843,  2608481.867,  0.000
350.0,  6245404.965,  2615560.578,  0.000
351.0,  6242437.068,  2622635.930,  0.000
352.0,  6239461.156,  2629707.915,  0.000
353.0,  6236477.232,  2636776.523,  0.000
354.0,  6233485.299,  2643841.745,  0.000
355.0,  6230485.363,  2650903.572,  0.000
356.0,  6227477.426,  2657961.996,  0.000
357.0,  6224461.493,  2665017.006,  0.000
358.0,  6221437.568,  2672068.595,  0.000
359.0,  6218405.653,  2679116.752,  0.000
360.0,  6215365.754,  2686161.470,  0.000
361.0,  6212317.875,  2693202.738,  0.000
362.0,  6209262.018,  2700240.548,  0.000
363.0,  6206198.188,  2707274.891,  0.000
364.0,  6203126.389,  2714305.757,  0.000
365.0,  6200046.625,  2721333.138,  0.000
366.0,  6196958.900,  2728357.025,  0.000
367.0,  6193863.218,  2735377.408,  0.000
368.0,  6190759.582,  2742394.279,  0.000
369.0,  6187647.997,  2749407.629,  0.000
370.0,  6184528.467,  2756417.448,  0.000
371.0,  6181400.996,  2763423.728,  0.000
372.0,  6178265.587,  2770426.460,  0.000
373.0,  6175122.245,  2777425.634,  0.000
374.0,  6171970.975,  2784421.242,  0.000
375.0,  6168811.778,  2791413.274,  0.000
376.0,  6165644.661,  2798401.723,  0.000
377.0,  6162469.627,  2805386.578,  0.000
378.0,  6159286.680,  2812367.830,  0.000
379.0,  6156095.824,  2819345.472,  0.000
380.0,  6152897.063,  2826319.493,  0.000
381.0,  6149690.402,  2833289.885,  0.000
382.0,  6146475.844,  2840256.639,  0.000
383.0,  6143253.394,  2847219.746,  0.000
384.0,  6140023.056,  2854179.197,  0.000
385.0,  6136784.833,  2861134.983,  0.000
386.0,  6133538.731,  2868087.095,  0.000
387.0,  6130284.752,  2875035.525,  0.000
388.0,  6127022.902,  2881980.262,  0.000
389.0,  6123753.185,  2888921.299,  0.000
390.0,  6120475.604,  2895858.627,  0.000
391.0,  6117190.165,  2902792.236,  0.000
392.0,  6113896.871,  2909722.118,  0.000
393.0,  6110595.726,  2916648.264,  0.000
394.0,  6107286.735,  2923570.664,  0.000
395.0,  6103969.901,  2930489.311,  0.000
396.0,  6100645.230,  2937404.194,  0.000
397.0,  6097312.726,  2944315.306,  0.000
398.0,  6093972.392,  2951222.637,  0.000
399.0,  6090624.233,  2958126.179,  0.000
400.0,  6087268.253,  2965025.922,  0.000
401.0,  6083904.457,  2971921.858,  0.000
402.0,  6080532.849,  2978813.978,  0.000
403.0,  6077153.434,  2985702.273,  0.000
404.0,  6073766.215,  2992586.734,  0.000
405.0,  6070371.197,  2999467.353,  0.000
406.0,  6066968.384,  3006344.120,  0.000
407.0,  6063557.781,  3013217.026,  0.000
408.0,  6060139.392,  3020086.064,  0.000
409.0,  6056713.221,  3026951.224,  0.000
410.0,  6053279.274,  3033812.497,  0.000
411.0,  6049837.553,  3040669.874,  0.000
412.0,  6046388.065,  3047523.347,  0.000
413.0,  6042930.812,  3054372.907,  0.000
414.0,  6039465.800,  3061218.544,  0.000
415.0,  6035993.033,  3068060.251,  0.000
416.0,  6032512.515,  3074898.019,  0.000
417.0,  6029024.252,  3081731.838,  0.000
418.0,  6025528.247,  3088561.700,  0.000
419.0,  6022024.504,  3095387.596,  0.000
420.0,  6018513.030,  3102209.518,  0.000
421.0,  6014993.827,  3109027.456,  0.000
422.0,  6011466.900,  3115841.402,  0.000
423.0,  6007932.255,  3122651.347,  0.000
424.0,  6004389.895,  3129457.282,  0.000
425.0,  6000839.825,  3136259.200,  0.000
426.0,  5997282.049,  3143057.089,  0.000
427.0,  5993716.573,  3149850.944,  0.000
428.0,  5990143.401,  3156640.753,  0.000
429.0,  5986562.537,  3163426.509,  0.000
430.0,  5982973.985,  3170208.203,  0.000
431.0,  5979377.752,  3176985.827,  0.000
432.0,  5975773.840,  3183759.371,  0.000
433.0,  5972162.256,  3190528.827,  0.000
434.0,  5968543.002,  3197294.186,  0.000
435.0,  5964916.085,  3204055.440,  0.000
436.0,  5961281.509,  3210812.579,  0.000
437.0,  5957639.278,  3217565.596,  0.000
438.0,  5953989.397,  3224314.481,  0.000
439.0,  5950331.871,  3231059.226,  0.000
440.0,  5946666.704,  3237799.822,  0.000
441.0,  5942993.902,  3244536.261,  0.000
442.0,  5939313.468,  3251268.533,  0.000
443.0,  5935625.408,  3257996.631,  0.000
444.0,  5931929.726,  3264720.545,  0.000
445.0,  5928226.428,  3271440.267,  0.000
446.0,  5924515.517,  3278155.788,  0.000
447.0,  5920796.999,  3284867.100,  0.000
448.0,  5917070.878,  3291574.194,  0.000
449.0,  5913337.159,  3298277.062,  0.000
450.0,  5909595.848,  3304975.694,  0.000
451.0,  5905846.948,  3311670.083,  0.000
452.0,  5902090.464,  3318360.219,  0.000
453.0,  5898326.403,  3325046.095,  0.000
454.0,  5894554.767,  3331727.701,  0.000
455.0,  5890775.562,  3338405.028,  0.000
456.0,  5886988.794,  3345078.069,  0.000
457.0,  5883194.466,  3351746.815,  0.000
458.0,  5879392.584,  3358411.257,  0.000
459.0,  5875583.152,  3365071.386,  0.000
460.0,  5871766.176,  3371727.195,  0.000
461.0,  5867941.660,  3378378.674,  0.000
462.0,  5864109.609,  3385025.815,  0.000
463.0,  5860270.029,  3391668.610,  0.000
464.0,  5856422.924,  3398307.049,  0.000
465.0,  5852568.298,  3404941.125,  0.000
466.0,  5848706.158,  3411570.829,  0.000
467.0,  5844836.508,  3418196.152,  0.000
468.0,  5840959.352,  3424817.086,  0.000
469.0,  5837074.697,  3431433.622,  0.000
470.0,  5833182.546,  3438045.753,  0.000
471.0,  5829282.905,  3444653.468,  0.000
472.0,  5825375.780,  3451256.761,  0.000
473.0,  5821461.174,  3457855.621,  0.000
474.0,  5817539.093,  3464450.042,  0.000
475.0,  5813609.541,  3471040.014,  0.000
476.0,  5809672.525,  3477625.530,  0.000
477.0,  5805728.049,  3484206.579,  0.000
478.0,  5801776.119,  3490783.155,  0.000
479.0,  5797816.738,  3497355.249,  0.000
480.0,  5793849.913,  3503922.851,  0.000
481.0,  5789875.648,  3510485.955,  0.000
482.0,  5785893.948,  3517044.551,  0.000
483.0,  5781904.819,  3523598.630,  0.000
484.0,  5777908.266,  3530148.186,  0.000
485.0,  5773904.294,  3536693.208,  0.000
486.0,  5769892.908,  3543233.689,  0.000
487.0,  5765874.113,  3549769.621,  0.000
488.0,  5761847.914,  3556300.994,  0.000
489.0,  5757814.316,  3562827.801,  0.000
490.0,  5753773.326,  3569350.033,  0.000
491.0,  5749724.947,  3575867.681,  0.000
492.0,  5745669.185,  3582380.738,  0.000
493.0,  5741606.046,  3588889.195,  0.000
494.0,  5737535.533,  3595393.044,  0.000
495.0,  5733457.654,  3601892.276,  0.000
496.0,  5729372.413,  3608386.883,  0.000
497.0,  5725279.814,  3614876.857,  0.000
498.0,  5721179.865,  3621362.189,  0.000
499.0,  5717072.568,  3627842.871,  0.000
500.0,  5712957.931,  3634318.895,  0.000
501.0,  5708835.958,  3640790.252,  0.000
502.0,  5704706.655,  3647256.934,  0.000
503.0,  5700570.026,  3653718.933,  0.000
504.0,  5696426.078,  3660176.240,  0.000
505.0,  5692274.815,  3666628.847,  0.000
506.0,  5688116.243,  3673076.746,  0.000
507.0,  5683950.367,  3679519.929,  0.000
508.0,  5679777.193,  3685958.387,  0.000
509.0,  5675596.725,  3692392.112,  0.000
510.0,  5671408.970,  3698821.096,  0.000
511.0,  5667213.932,  3705245.330,  0.000
512.0,  5663011.618,  3711664.807,  0.000
513.0,  5658802.031,  3718079.518,  0.000
514.0,  5654585.179,  3724489.454,  0.000
515.0,  5650361.065,  3730894.608,  0.000
516.0,  5646129.697,  3737294.971,  0.000
517.0,  5641891.078,  3743690.536,  0.000
518.0,  5637645.215,  3750081.293,  0.000
519.0,  5633392.113,  3756467.235,  0.000
520.0,  5629131.777,  3762848.354,  0.000
521.0,  5624864.213,  3769224.640,  0.000
522.0,  5620589.426,  3775596.087,  0.000
523.0,  5616307.423,  3781962.686,  0.000
524.0,  5612018.207,  3788324.429,  0.000
525.0,  5607721.786,  3794681.307,  0.000
526.0,  5603418.164,  3801033.312,  0.000
527.0,  5599107.347,  3807380.437,  0.000
528.0,  5594789.340,  3813722.673,  0.000
529.0,  5590464.149,  3820060.012,  0.000
530.0,  5586131.780,  3826392.446,  0.000
531.0,  5581792.238,  3832719.967,  0.000
532.0,  5577445.529,  3839042.566,  0.000
533.0,  5573091.658,  3845360.235,  0.000
534.0,  5568730.630,  3851672.967,  0.000
535.0,  5564362.452,  3857980.753,  0.000
536.0,  5559987.130,  3864283.585,  0.000
537.0,  5555604.668,  3870581.456,  0.000
538.0,  5551215.072,  3876874.356,  0.000
539.0,  5546818.348,  3883162.278,  0.000
540.0,  5542414.501,  3889445.214,  0.000
541.0,  5538003.538,  3895723.156,  0.000
542.0,  5533585.464,  3901996.095,  0.000
543.0,  5529160.285,  3908264.024,  0.000
544.0,  5524728.005,  3914526.935,  0.000
545.0,  5520288.632,  3920784.819,  0.000
546.0,  5515842.170,  3927037.668,  0.000
547.0,  5511388.626,  3933285.475,  0.000
548.0,  5506928.004,  3939528.232,  0.000
549.0,  5502460.312,  3945765.930,  0.000
550.0,  5497985.554,  3951998.561,  0.000
551.0,  5493503.736,  3958226.118,  0.000
552.0,  5489014.865,  3964448.592,  0.000
553.0,  5484518.945,  3970665.976,  0.000
554.0,  5480015.982,  3976878.261,  0.000
555.0,  5475505.984,  3983085.440,  0.000
556.0,  5470988.954,  3989287.504,  0.000
557.0,  5466464.899,  3995484.445,  0.000
558.0,  5461933.825,  4001676.256,  0.000
559.0,  5457395.737,  4007862.929,  0.000
560.0,  5452850.642,  4014044.456,  0.000
561.0,  5448298.545,  4020220.828,  0.000
562.0,  5443739.453,  4026392.038,  0.000
563.0,  5439173.370,  4032558.078,  0.000
564.0,  5434600.303,  4038718.940,  0.000
565.0,  5430020.258,  4044874.616,  0.000
566.0,  5425433.240,  4051025.098,  0.000
567.0,  5420839.255,  4057170.378,  0.000
568.0,  5416238.310,  4063310.449,  0.000
569.0,  5411630.411,  4069445.302,  0.000
570.0,  5407015.562,  4075574.930,  0.000
571.0,  5402393.771,  4081699.325,  0.000
572.0,  5397765.042,  4087818.478,  0.000
573.0,  5393129.383,  4093932.383,  0.000
574.0,  5388486.798,  4100041.030,  0.000
575.0,  5383837.294,  4106144.413,  0.000
576.0,  5379180.878,  4112242.524,  0.000
577.0,  5374517.554,  4118335.354,  0.000
578.0,  5369847.328,  4124422.896,  0.000
579.0,  5365170.208,  4130505.141,  0.000
580.0,  5360486.198,  4136582.084,  0.000
581.0,  5355795.306,  4142653.714,  0.000
582.0,  5351097.536,  4148720.025,  0.000
583.0,  5346392.895,  4154781.009,  0.000
584.0,  5341681.389,  4160836.658,  0.000
585.0,  5336963.024,  4166886.964,  0.000
586.0,  5332237.806,  4172931.920,  0.000
587.0,  5327505.741,  4178971.518,  0.000
588.0,  5322766.835,  4185005.749,  0.000
589.0,  5318021.095,  4191034.607,  0.000
590.0,  5313268.526,  4197058.083,  0.000
591.0,  5308509.134,  4203076.170,  0.000
592.0,  5303742.926,  4209088.859,  0.000
593.0,  5298969.908,  4215096.145,  0.000
594.0,  5294190.086,  4221098.017,  0.000
595.0,  5289403.465,  4227094.470,  0.000
596.0,  5284610.053,  4233085.495,  0.000
597.0,  5279809.854,  4239071.084,  0.000
598.0,  5275002.877,  4245051.230,  0.000
599.0,  5270189.126,  4251025.925,  0.000
600.0,  5265368.607,  4256995.162,  0.000
601.0,  5260541.328,  4262958.932,  0.000
602.0,  5255707.294,  4268917.229,  0.000
603.0,  5250866.511,  4274870.044,  0.000
604.0,  5246018.986,  4280817.370,  0.000
605.0,  5241164.724,  4286759.199,  0.000
606.0,  5236303.733,  4292695.523,  0.000
607.0,  5231436.018,  4298626.336,  0.000
608.0,  5226561.586,  4304551.629,  0.000
609.0,  5221680.442,  4310471.394,  0.000
610.0,  5216792.593,  4316385.625,  0.000
611.0,  5211898.046,  4322294.313,  0.000
612.0,  5206996.806,  4328197.451,  0.000
613.0,  5202088.881,  4334095.032,  0.000
614.0,  5197174.275,  4339987.047,  0.000
615.0,  5192252.996,  4345873.489,  0.000
616.0,  5187325.050,  4351754.351,  0.000
617.0,  5182390.443,  4357629.626,  0.000
618.0,  5177449.182,  4363499.304,  0.000
619.0,  5172501.272,  4369363.380,  0.000
620.0,  5167546.721,  4375221.846,  0.000
621.0,  5162585.534,  4381074.693,  0.000
622.0,  5157617.718,  4386921.914,  0.000
623.0,  5152643.280,  4392763.503,  0.000
624.0,  5147662.225,  4398599.451,  0.000
625.0,  5142674.560,  4404429.751,  0.000
626.0,  5137680.292,  4410254.396,  0.000
627.0,  5132679.427,  4416073.377,  0.000
628.0,  5127671.971,  4421886.688,  0.000
629.0,  5122657.931,  4427694.321,  0.000
630.0,  5117637.313,  4433496.269,  0.000
631.0,  5112610.124,  4439292.524,  0.000
632.0,  5107576.370,  4445083.078,  0.000
633.0,  5102536.057,  4450867.925,  0.000
634.0,  5097489.193,  4456647.057,  0.000
635.0,  5092435.783,  4462420.466,  0.000
636.0,  5087375.834,  4468188.145,  0.000
637.0,  5082309.353,  4473950.086,  0.000
638.0,  5077236.346,  4479706.283,  0.000
639.0,  5072156.819,  4485456.728,  0.000
640.0,  5067070.779,  4491201.413,  0.000
641.0,  5061978.233,  4496940.331,  0.000
642.0,  5056879.187,  4502673.474,  0.000
643.0,  5051773.648,  4508400.837,  0.000
644.0,  5046661.622,  4514122.410,  0.000
645.0,  5041543.115,  4519838.186,  0.000
646.0,  5036418.135,  4525548.159,  0.000
647.0,  5031286.688,  4531252.321,  0.000
648.0,  5026148.781,  4536950.664,  0.000
649.0,  5021004.420,  4542643.182,  0.000
650.0,  5015853.611,  4548329.867,  0.000
651.0,  5010696.362,  4554010.711,  0.000
652.0,  5005532.679,  4559685.708,  0.000
653.0,  5000362.568,  4565354.850,  0.000
654.0,  4995186.037,  4571018.130,  0.000
655.0,  4990003.092,  4576675.540,  0.000
656.0,  4984813.739,  4582327.073,  0.000
657.0,  4979617.985,  4587972.723,  0.000
658.0,  4974415.837,  4593612.481,  0.000
659.0,  4969207.302,  4599246.341,  0.000
660.0,  4963992.386,  4604874.296,  0.000
661.0,  4958771.096,  4610496.337,  0.000
662.0,  4953543.439,  4616112.458,  0.000
663.0,  4948309.421,  4621722.652,  0.000
664.0,  4943069.049,  4627326.911,  0.000
665.0,  4937822.330,  4632925.229,  0.000
666.0,  4932569.270,  4638517.597,  0.000
667.0,  4927309.877,  4644104.010,  0.000
668.0,  4922044.157,  4649684.459,  0.000
669.0,  4916772.117,  4655258.937,  0.000
670.0,  4911493.763,  4660827.439,  0.000
671.0,  4906209.103,  4666389.955,  0.000
672.0,  4900918.142,  4671946.479,  0.000
673.0,  4895620.889,  4677497.005,  0.000
674.0,  4890317.349,  4683041.524,  0.000
675.0,  4885007.530,  4688580.030,  0.000
676.0,  4879691.439,  4694112.515,  0.000
677.0,  4874369.081,  4699638.973,  0.000
678.0,  4869040.465,  4705159.396,  0.000
679.0,  4863705.596,  4710673.778,  0.000
680.0,  4858364.482,  4716182.111,  0.000
681.0,  4853017.130,  4721684.388,  0.000
682.0,  4847663.546,  4727180.602,  0.000
683.0,  4842303.738,  4732670.746,  0.000
684.0,  4836937.712,  4738154.813,  0.000
685.0,  4831565.474,  4743632.796,  0.000
686.0,  4826187.033,  4749104.688,  0.000
687.0,  4820802.395,  4754570.482,  0.000
688.0,  4815411.567,  4760030.171,  0.000
689.0,  4810014.555,  4765483.748,  0.000
690.0,  4804611.367,  4770931.205,  0.000
691.0,  4799202.009,  4776372.536,  0.000
692.0,  4793786.489,  4781807.734,  0.000
693.0,  4788364.814,  4787236.792,  0.000
694.0,  4782936.990,  4792659.703,  0.000
695.0,  4777503.024,  4798076.460,  0.000
696.0,  4772062.924,  4803487.056,  0.000
697.0,  4766616.697,  4808891.484,  0.000
698.0,  4761164.348,  4814289.737,  0.000
699.0,  4755705.886,  4819681.808,  0.000
700.0,  4750241.318,  4825067.690,  0.000
701.0,  4744770.650,  4830447.377,  0.000
702.0,  4739293.889,  4835820.861,  0.000
703.0,  4733811.043,  4841188.136,  0.000
704.0,  4728322.118,  4846549.194,  0.000
705.0,  4722827.122,  4851904.029,  0.000
706.0,  4717326.061,  4857252.634,  0.000
707.0,  4711818.944,  4862595.002,  0.000
708.0,  4706305.775,  4867931.127,  0.000
709.0,  4700786.564,  4873261.000,  0.000
710.0,  4695261.317,  4878584.616,  0.000
711.0,  4689730.041,  4883901.967,  0.000
712.0,  4684192.742,  4889213.048,  0.000
713.0,  4678649.429,  4894517.850,  0.000
714.0,  4673100.109,  4899816.367,  0.000
715.0,  4667544.788,  4905108.593,  0.000
716.0,  4661983.473,  4910394.520,  0.000
717.0,  4656416.172,  4915674.142,  0.000
718.0,  4650842.892,  4920947.452,  0.000
719.0,  4645263.640,  4926214.444,  0.000
720.0,  4639678.424,  4931475.109,  0.000
721.0,  4634087.249,  4936729.443,  0.000
722.0,  4628490.125,  4941977.437,  0.000
723.0,  4622887.057,  4947219.086,  0.000
724.0,  4617278.053,  4952454.382,  0.000
725.0,  4611663.120,  4957683.319,  0.000
726.0,  4606042.265,  4962905.890,  0.000
727.0,  4600415.496,  4968122.088,  0.000
728.0,  4594782.820,  4973331.907,  0.000
729.0,  4589144.244,  4978535.340,  0.000
730.0,  4583499.775,  4983732.380,  0.000
731.0,  4577849.421,  4988923.020,  0.000
732.0,  4572193.188,  4994107.255,  0.000
733.0,  4566531.085,  4999285.077,  0.000
734.0,  4560863.117,  5004456.479,  0.000
735.0,  4555189.294,  5009621.456,  0.000
736.0,  4549509.621,  5014780.000,  0.000
737.0,  4543824.106,  5019932.104,  0.000
738.0,  4538132.757,  5025077.763,  0.000
739.0,  4532435.581,  5030216.969,  0.000
740.0,  4526732.585,  5035349.716,  0.000
741.0,  4521023.776,  5040475.998,  0.000
742.0,  4515309.162,  5045595.807,  0.000
743.0,  4509588.750,  5050709.137,  0.000
744.0,  4503862.547,  5055815.982,  0.000
745.0,  4498130.561,  5060916.335,  0.000
746.0,  4492392.799,  5066010.190,  0.000
747.0,  4486649.269,  5071097.539,  0.000
748.0,  4480899.978,  5076178.377,  0.000
749.0,  4475144.933,  5081252.697,  0.000
750.0,  4469384.141,  5086320.492,  0.000
751.0,  4463617.611,  5091381.756,  0.000
752.0,  4457845.349,  5096436.482,  0.000
753.0,  4452067.363,  5101484.664,  0.000
754.0,  4446283.660,  5106526.296,  0.000
755.0,  4440494.248,  5111561.370,  0.000
756.0,  4434699.134,  5116589.881,  0.000
757.0,  4428898.326,  5121611.822,  0.000
758.0,  4423091.831,  5126627.187,  0.000
759.0,  4417279.656,  5131635.968,  0.000
760.0,  4411461.809,  5136638.161,  0.000
761.0,  4405638.298,  5141633.757,  0.000
762.0,  4399809.129,  5146622.752,  0.000
763.0,  4393974.311,  5151605.137,  0.000
764.0,  4388133.851,  5156580.908,  0.000
765.0,  4382287.756,  5161550.058,  0.000
766.0,  4376436.034,  5166512.580,  0.000
767.0,  4370578.693,  5171468.467,  0.000
768.0,  4364715.739,  5176417.714,  0.000
769.0,  4358847.181,  5181360.315,  0.000
770.0,  4352973.025,  5186296.262,  0.000
771.0,  4347093.281,  5191225.550,  0.000
772.0,  4341207.954,  5196148.172,  0.000
773.0,  4335317.053,  5201064.121,  0.000
774.0,  4329420.585,  5205973.393,  0.000
775.0,  4323518.558,  5210875.979,  0.000
776.0,  4317610.980,  5215771.874,  0.000
777.0,  4311697.857,  5220661.072,  0.000
778.0,  4305779.198,  5225543.567,  0.000
779.0,  4299855.010,  5230419.351,  0.000
780.0,  4293925.300,  5235288.420,  0.000
781.0,  4287990.077,  5240150.765,  0.000
782.0,  4282049.348,  5245006.383,  0.000
783.0,  4276103.121,  5249855.265,  0.000
784.0,  4270151.402,  5254697.406,  0.000
785.0,  4264194.201,  5259532.800,  0.000
786.0,  4258231.524,  5264361.440,  0.000
787.0,  4252263.380,  5269183.321,  0.000
788.0,  4246289.775,  5273998.435,  0.000
789.0,  4240310.718,  5278806.778,  0.000
790.0,  4234326.215,  5283608.342,  0.000
791.0,  4228336.276,  5288403.122,  0.000
792.0,  4222340.908,  5293191.111,  0.000
793.0,  4216340.117,  5297972.303,  0.000
794.0,  4210333.913,  5302746.693,  0.000
795.0,  4204322.302,  5307514.273,  0.000
796.0,  4198305.293,  5312275.038,  0.000
797.0,  4192282.892,  5317028.982,  0.000
798.0,  4186255.109,  5321776.099,  0.000
799.0,  4180221.950,  5326516.382,  0.000
800.0,  4174183.424,  5331249.825,  0.000
801.0,  4168139.538,  5335976.423,  0.000
802.0,  4162090.299,  5340696.169,  0.000
803.0,  4156035.716,  5345409.058,  0.000
804.0,  4149975.797,  5350115.082,  0.000
805.0,  4143910.549,  5354814.237,  0.000
806.0,  4137839.979,  5359506.516,  0.000
807.0,  4131764.097,  5364191.913,  0.000
808.0,  4125682.909,  5368870.422,  0.000
809.0,  4119596.423,  5373542.037,  0.000
810.0,  4113504.648,  5378206.752,  0.000
811.0,  4107407.591,  5382864.561,  0.000
812.0,  4101305.259,  5387515.458,  0.000
813.0,  4095197.661,  5392159.437,  0.000
814.0,  4089084.805,  5396796.493,  0.000
815.0,  4082966.698,  5401426.618,  0.000
816.0,  4076843.349,  5406049.808,  0.000
817.0,  4070714.764,  5410666.056,  0.000
818.0,  4064580.952,  5415275.357,  0.000
819.0,  4058441.921,  5419877.704,  0.000
820.0,  4052297.679,  5424473.092,  0.000
821.0,  4046148.234,  5429061.514,  0.000
822.0,  4039993.593,  5433642.965,  0.000
823.0,  4033833.764,  5438217.439,  0.000
824.0,  4027668.756,  5442784.930,  0.000
825.0,  4021498.576,  5447345.432,  0.000
826.0,  4015323.232,  5451898.939,  0.000
827.0,  4009142.732,  5456445.446,  0.000
828.0,  4002957.085,  5460984.946,  0.000
829.0,  3996766.297,  5465517.434,  0.000
830.0,  3990570.377,  5470042.904,  0.000
831.0,  3984369.333,  5474561.350,  0.000
832.0,  3978163.173,  5479072.767,  0.000
833.0,  3971951.904,  5483577.148,  0.000
834.0,  3965735.536,  5488074.488,  0.000
835.0,  3959514.075,  5492564.781,  0.000
836.0,  3953287.530,  5497048.021,  0.000
837.0,  3947055.909,  5501524.202,  0.000
838.0,  3940819.219,  5505993.319,  0.000
839.0,  3934577.469,  5510455.367,  0.000
840.0,  3928330.667,  5514910.338,  0.000
841.0,  3922078.821,  5519358.228,  0.000
842.0,  3915821.938,  5523799.031,  0.000
843.0,  3909560.028,  5528232.741,  0.000
844.0,  3903293.097,  5532659.352,  0.000
845.0,  3897021.154,  5537078.859,  0.000
846.0,  3890744.207,  5541491.256,  0.000
847.0,  3884462.264,  5545896.537,  0.000
848.0,  3878175.334,  5550294.698,  0.000
849.0,  3871883.423,  5554685.731,  0.000
850.0,  3865586.541,  5559069.632,  0.000
851.0,  3859284.695,  5563446.394,  0.000
852.0,  3852977.894,  5567816.013,  0.000
853.0,  3846666.145,  5572178.482,  0.000
854.0,  3840349.457,  5576533.797,  0.000
855.0,  3834027.837,  5580881.951,  0.000
856.0,  3827701.295,  5585222.938,  0.000
857.0,  3821369.837,  5589556.754,  0.000
858.0,  3815033.473,  5593883.392,  0.000
859.0,  3808692.210,  5598202.848,  0.000
860.0,  3802346.056,  5602515.115,  0.000
861.0,  3795995.020,  5606820.188,  0.000
862.0,  3789639.109,  5611118.062,  0.000
863.0,  3783278.333,  5615408.731,  0.000
864.0,  3776912.698,  5619692.189,  0.000
865.0,  3770542.214,  5623968.431,  0.000
866.0,  3764166.888,  5628237.452,  0.000
867.0,  3757786.728,  5632499.245,  0.000
868.0,  3751401.744,  5636753.806,  0.000
869.0,  3745011.942,  5641001.130,  0.000
870.0,  3738617.332,  5645241.209,  0.000
871.0,  3732217.921,  5649474.040,  0.000
872.0,  3725813.717,  5653699.617,  0.000
873.0,  3719404.730,  5657917.934,  0.000
874.0,  3712990.966,  5662128.986,  0.000
875.0,  3706572.435,  5666332.768,  0.000
876.0,  3700149.144,  5670529.273,  0.000
877.0,  3693721.102,  5674718.497,  0.000
878.0,  3687288.317,  5678900.435,  0.000
879.0,  3680850.798,  5683075.080,  0.000
880.0,  3674408.552,  5687242.428,  0.000
881.0,  3667961.587,  5691402.474,  0.000
882.0,  3661509.913,  5695555.211,  0.000
883.0,  3655053.538,  5699700.635,  0.000
884.0,  3648592.469,  5703838.740,  0.000
885.0,  3642126.715,  5707969.521,  0.000
886.0,  3635656.284,  5712092.972,  0.000
887.0,  3629181.185,  5716209.089,  0.000
888.0,  3622701.426,  5720317.866,  0.000
889.0,  3616217.015,  5724419.297,  0.000
890.0,  3609727.960,  5728513.379,  0.000
891.0,  3603234.271,  5732600.104,  0.000
892.0,  3596735.954,  5736679.468,  0.000
893.0,  3590233.020,  5740751.467,  0.000
894.0,  3583725.475,  5744816.093,  0.000
895.0,  3577213.328,  5748873.343,  0.000
896.0,  3570696.588,  5752923.211,  0.000
897.0,  3564175.264,  5756965.692,  0.000
898.0,  3557649.362,  5761000.781,  0.000
899.0,  3551118.892,  5765028.472,  0.000
900.0,  3544583.863,  5769048.761,  0.000
901.0,  3538044.282,  5773061.642,  0.000
902.0,  3531500.158,  5777067.110,  0.000
903.0,  3524951.499,  5781065.159,  0.000
904.0,  3518398.314,  5785055.786,  0.000
905.0,  3511840.611,  5789038.984,  0.000
906.0,  3505278.399,  5793014.748,  0.000
907.0,  3498711.685,  5796983.074,  0.000
908.0,  3492140.480,  5800943.957,  0.000
909.0,  3485564.790,  5804897.390,  0.000
910.0,  3478984.624,  5808843.370,  0.000
911.0,  3472399.991,  5812781.891,  0.000
912.0,  3465810.900,  5816712.948,  0.000
913.0,  3459217.358,  5820636.536,  0.000
914.0,  3452619.374,  5824552.650,  0.000
915.0,  3446016.957,  5828461.284,  0.000
916.0,  3439410.115,  5832362.435,  0.000
917.0,  3432798.856,  5836256.096,  0.000
918.0,  3426183.190,  5840142.264,  0.000
919.0,  3419563.124,  5844020.932,  0.000
920.0,  3412938.667,  5847892.096,  0.000
921.0,  3406309.828,  5851755.752,  0.000
922.0,  3399676.615,  5855611.893,  0.000
923.0,  3393039.037,  5859460.515,  0.000
924.0,  3386397.101,  5863301.613,  0.000
925.0,  3379750.818,  5867135.183,  0.000
926.0,  3373100.194,  5870961.218,  0.000
927.0,  3366445.239,  5874779.715,  0.000
928.0,  3359785.962,  5878590.669,  0.000
929.0,  3353122.370,  5882394.074,  0.000
930.0,  3346454.473,  5886189.926,  0.000
931.0,  3339782.279,  5889978.219,  0.000
932.0,  3333105.796,  5893758.949,  0.000
933.0,  3326425.033,  5897532.112,  0.000
934.0,  3319739.999,  5901297.701,  0.000
935.0,  3313050.702,  5905055.713,  0.000
936.0,  3306357.151,  5908806.143,  0.000
937.0,  3299659.355,  5912548.985,  0.000
938.0,  3292957.321,  5916284.235,  0.000
939.0,  3286251.060,  5920011.888,  0.000
940.0,  3279540.578,  5923731.940,  0.000
941.0,  3272825.885,  5927444.385,  0.000
942.0,  3266106.990,  5931149.219,  0.000
943.0,  3259383.901,  5934846.437,  0.000
944.0,  3252656.627,  5938536.034,  0.000
945.0,  3245925.176,  5942218.006,  0.000
946.0,  3239189.557,  5945892.348,  0.000
947.0,  3232449.778,  5949559.055,  0.000
948.0,  3225705.850,  5953218.122,  0.000
949.0,  3218957.779,  5956869.545,  0.000
950.0,  3212205.574,  5960513.319,  0.000
951.0,  3205449.245,  5964149.439,  0.000
952.0,  3198688.801,  5967777.901,  0.000
953.0,  3191924.248,  5971398.700,  0.000
954.0,  3185155.597,  5975011.831,  0.000
955.0,  3178382.857,  5978617.290,  0.000
956.0,  3171606.035,  5982215.072,  0.000
957.0,  3164825.140,  5985805.173,  0.000
958.0,  3158040.182,  5989387.587,  0.000
959.0,  3151251.168,  5992962.311,  0.000
960.0,  3144458.108,  5996529.339,  0.000
961.0,  3137661.011,  6000088.668,  0.000
962.0,  3130859.884,  6003640.292,  0.000
963.0,  3124054.737,  6007184.207,  0.000
964.0,  3117245.579,  6010720.408,  0.000
965.0,  3110432.418,  6014248.891,  0.000
966.0,  3103615.263,  6017769.652,  0.000
967.0,  3096794.123,  6021282.685,  0.000
968.0,  3089969.006,  6024787.987,  0.000
969.0,  3083139.922,  6028285.552,  0.000
970.0,  3076306.879,  6031775.377,  0.000
971.0,  3069469.885,  6035257.457,  0.000
972.0,  3062628.950,  6038731.786,  0.000
973.0,  3055784.083,  6042198.362,  0.000
974.0,  3048935.291,  6045657.180,  0.000
975.0,  3042082.585,  6049108.234,  0.000
976.0,  3035225.973,  6052551.521,  0.000
977.0,  3028365.463,  6055987.036,  0.000
978.0,  3021501.064,  6059414.774,  0.000
979.0,  3014632.786,  6062834.732,  0.000
980.0,  3007760.636,  6066246.906,  0.000
981.0,  3000884.625,  6069651.289,  0.000
982.0,  2994004.760,  6073047.879,  0.000
983.0,  2987121.051,  6076436.670,  0.000
984.0,  2980233.506,  6079817.660,  0.000
985.0,  2973342.134,  6083190.842,  0.000
986.0,  2966446.944,  6086556.213,  0.000
987.0,  2959547.946,  6089913.768,  0.000
988.0,  2952645.146,  6093263.504,  0.000
989.0,  2945738.556,  6096605.416,  0.000
990.0,  2938828.183,  6099939.499,  0.000
991.0,  2931914.037,  6103265.749,  0.000
992.0,  2924996.125,  6106584.163,  0.000
993.0,  2918074.458,  6109894.735,  0.000
994.0,  2911149.044,  6113197.462,  0.000
995.0,  2904219.892,  6116492.339,  0.000
996.0,  2897287.010,  6119779.362,  0.000
997.0,  2890350.408,  6123058.527,  0.000
998.0,  2883410.095,  6126329.829,  0.000
999.0,  2876466.079,  6129593.265,  0.000
1000.0,  2869518.370,  6132848.830,  0.000
1001.0,  2862566.976,  6136096.521,  0.000
1002.0,  2855611.907,  6139336.332,  0.000
1003.0,  2848653.171,  6142568.259,  0.000
1004.0,  2841690.776,  6145792.300,  0.000
1005.0,  2834724.733,  6149008.449,  0.000
1006.0,  2827755.050,  6152216.702,  0.000
1007.0,  2820781.736,  6155417.055,  0.000
1008.0,  2813804.800,  6158609.504,  0.000
1009.0,  2806824.251,  6161794.045,  0.000
1010.0,  2799840.097,  6164970.675,  0.000
1011.0,  2792852.349,  6168139.388,  0.000
1012.0,  2785861.014,  6171300.180,  0.000
1013.0,  2778866.102,  6174453.049,  0.000
1014.0,  2771867.622,  6177597.988,  0.000
1015.0,  2764865.583,  6180734.996,  0.000
1016.0,  2757859.993,  6183864.067,  0.000
1017.0,  2750850.862,  6186985.198,  0.000
1018.0,  2743838.199,  6190098.384,  0.000
1019.0,  2736822.012,  6193203.621,  0.000
1020.0,  2729802.311,  6196300.907,  0.000
1021.0,  2722779.105,  6199390.235,  0.000
1022.0,  2715752.403,  6202471.604,  0.000
1023.0,  2708722.214,  6205545.008,  0.000
1024.0,  2701688.546,  6208610.444,  0.000
1025.0,  2694651.410,  6211667.907,  0.000
1026.0,  2687610.813,  6214717.394,  0.000
1027.0,  2680566.765,  6217758.902,  0.000
1028.0,  2673519.275,  6220792.425,  0.000
1029.0,  2666468.352,  6223817.960,  0.000
1030.0,  2659414.006,  6226835.504,  0.000
1031.0,  2652356.244,  6229845.052,  0.000
1032.0,  2645295.077,  6232846.600,  0.000
1033.0,  2638230.513,  6235840.145,  0.000
1034.0,  2631162.561,  6238825.683,  0.000
1035.0,  2624091.230,  6241803.210,  0.000
1036.0,  2617016.531,  6244772.722,  0.000
1037.0,  2609938.470,  6247734.215,  0.000
1038.0,  2602857.059,  6250687.686,  0.000
1039.0,  2595772.305,  6253633.130,  0.000
1040.0,  2588684.218,  6256570.545,  0.000
1041.0,  2581592.807,  6259499.925,  0.000
1042.0,  2574498.081,  6262421.268,  0.000
1043.0,  2567400.050,  6265334.570,  0.000
1044.0,  2560298.721,  6268239.827,  0.000
1045.0,  2553194.105,  6271137.034,  0.000
1046.0,  2546086.211,  6274026.190,  0.000
1047.0,  2538975.047,  6276907.289,  0.000
1048.0,  2531860.623,  6279780.328,  0.000
1049.0,  2524742.948,  6282645.303,  0.000
1050.0,  2517622.031,  6285502.212,  0.000
1051.0,  2510497.881,  6288351.049,  0.000
1052.0,  2503370.508,  6291191.811,  0.000
1053.0,  2496239.920,  6294024.496,  0.000
1054.0,  2489106.127,  6296849.098,  0.000
1055.0,  2481969.137,  6299665.615,  0.000
1056.0,  2474828.961,  6302474.042,  0.000
1057.0,  2467685.607,  6305274.377,  0.000
1058.0,  2460539.084,  6308066.616,  0.000
1059.0,  2453389.401,  6310850.754,  0.000
1060.0,  2446236.569,  6313626.789,  0.000
1061.0,  2439080.595,  6316394.717,  0.000
1062.0,  2431921.489,  6319154.534,  0.000
1063.0,  2424759.261,  6321906.237,  0.000
1064.0,  2417593.919,  6324649.823,  0.000
1065.0,  2410425.472,  6327385.287,  0.000
1066.0,  2403253.931,  6330112.626,  0.000
1067.0,  2396079.304,  6332831.837,  0.000
1068.0,  2388901.599,  6335542.917,  0.000
1069.0,  2381720.828,  6338245.861,  0.000
1070.0,  2374536.998,  6340940.666,  0.000
1071.0,  2367350.119,  6343627.330,  0.000
1072.0,  2360160.200,  6346305.847,  0.000
1073.0,  2352967.251,  6348976.216,  0.000
1074.0,  2345771.280,  6351638.432,  0.000
1075.0,  2338572.297,  6354292.492,  0.000
1076.0,  2331370.312,  6356938.393,  0.000
1077.0,  2324165.332,  6359576.131,  0.000
1078.0,  2316957.368,  6362205.703,  0.000
1079.0,  2309746.430,  6364827.106,  0.000
1080.0,  2302532.525,  6367440.336,  0.000
1081.0,  2295315.664,  6370045.389,  0.000
1082.0,  2288095.855,  6372642.263,  0.000
1083.0,  2280873.108,  6375230.954,  0.000
1084.0,  2273647.433,  6377811.459,  0.000
1085.0,  2266418.838,  6380383.775,  0.000
1086.0,  2259187.333,  6382947.897,  0.000
1087.0,  2251952.926,  6385503.824,  0.000
1088.0,  2244715.629,  6388051.551,  0.000
1089.0,  2237475.449,  6390591.076,  0.000
1090.0,  2230232.395,  6393122.394,  0.000
1091.0,  2222986.478,  6395645.504,  0.000
1092.0,  2215737.707,  6398160.401,  0.000
1093.0,  2208486.090,  6400667.082,  0.000
1094.0,  2201231.638,  6403165.544,  0.000
1095.0,  2193974.359,  6405655.785,  0.000
1096.0,  2186714.263,  6408137.800,  0.000
1097.0,  2179451.359,  6410611.587,  0.000
1098.0,  2172185.656,  6413077.142,  0.000
1099.0,  2164917.165,  6415534.462,  0.000
1100.0,  2157645.893,  6417983.545,  0.000
1101.0,  2150371.851,  6420424.386,  0.000
1102.0,  2143095.047,  6422856.983,  0.000
1103.0,  2135815.492,  6425281.332,  0.000
1104.0,  2128533.194,  6427697.432,  0.000
1105.0,  2121248.163,  6430105.277,  0.000
1106.0,  2113960.408,  6432504.866,  0.000
1107.0,  2106669.939,  6434896.196,  0.000
1108.0,  2099376.765,  6437279.262,  0.000
1109.0,  2092080.895,  6439654.062,  0.000
1110.0,  2084782.338,  6442020.594,  0.000
1111.0,  2077481.105,  6444378.854,  0.000
1112.0,  2070177.204,  6446728.838,  0.000
1113.0,  2062870.644,  6449070.545,  0.000
1114.0,  2055561.436,  6451403.971,  0.000
1115.0,  2048249.589,  6453729.112,  0.000
1116.0,  2040935.111,  6456045.967,  0.000
1117.0,  2033618.013,  6458354.532,  0.000
1118.0,  2026298.303,  6460654.804,  0.000
1119.0,  2018975.991,  6462946.779,  0.000
1120.0,  2011651.087,  6465230.456,  0.000
1121.0,  2004323.600,  6467505.832,  0.000
1122.0,  1996993.539,  6469772.902,  0.000
1123.0,  1989660.914,  6472031.665,  0.000
1124.0,  1982325.734,  6474282.118,  0.000
1125.0,  1974988.009,  6476524.257,  0.000
1126.0,  1967647.747,  6478758.080,  0.000
1127.0,  1960304.959,  6480983.584,  0.000
1128.0,  1952959.654,  6483200.765,  0.000
1129.0,  1945611.841,  6485409.622,  0.000
1130.0,  1938261.530,  6487610.151,  0.000
1131.0,  1930908.730,  6489802.350,  0.000
1132.0,  1923553.451,  6491986.215,  0.000
1133.0,  1916195.701,  6494161.745,  0.000
1134.0,  1908835.492,  6496328.935,  0.000
1135.0,  1901472.831,  6498487.784,  0.000
1136.0,  1894107.728,  6500638.288,  0.000
1137.0,  1886740.193,  6502780.445,  0.000
1138.0,  1879370.236,  6504914.252,  0.000
1139.0,  1871997.865,  6507039.706,  0.000
1140.0,  1864623.091,  6509156.805,  0.000
1141.0,  1857245.922,  6511265.546,  0.000
1142.0,  1849866.369,  6513365.925,  0.000
1143.0,  1842484.440,  6515457.942,  0.000
1144.0,  1835100.145,  6517541.591,  0.000
1145.0,  1827713.494,  6519616.872,  0.000
1146.0,  1820324.496,  6521683.782,  0.000
1147.0,  1812933.161,  6523742.317,  0.000
1148.0,  1805539.497,  6525792.475,  0.000
1149.0,  1798143.515,  6527834.254,  0.000
1150.0,  1790745.225,  6529867.651,  0.000
1151.0,  1783344.635,  6531892.662,  0.000
1152.0,  1775941.754,  6533909.287,  0.000
1153.0,  1768536.594,  6535917.521,  0.000
1154.0,  1761129.163,  6537917.363,  0.000
1155.0,  1753719.470,  6539908.810,  0.000
1156.0,  1746307.525,  6541891.859,  0.000
1157.0,  1738893.338,  6543866.508,  0.000
1158.0,  1731476.918,  6545832.755,  0.000
1159.0,  1724058.275,  6547790.595,  0.000
1160.0,  1716637.418,  6549740.029,  0.000
1161.0,  1709214.357,  6551681.052,  0.000
1162.0,  1701789.101,  6553613.662,  0.000
1163.0,  1694361.659,  6555537.857,  0.000
1164.0,  1686932.042,  6557453.634,  0.000
1165.0,  1679500.259,  6559360.991,  0.000
1166.0,  1672066.320,  6561259.925,  0.000
1167.0,  1664630.233,  6563150.435,  0.000
1168.0,  1657192.009,  6565032.516,  0.000
1169.0,  1649751.657,  6566906.168,  0.000
1170.0,  1642309.186,  6568771.388,  0.000
1171.0,  1634864.607,  6570628.173,  0.000
1172.0,  1627417.928,  6572476.520,  0.000
1173.0,  1619969.160,  6574316.429,  0.000
1174.0,  1612518.312,  6576147.895,  0.000
1175.0,  1605065.393,  6577970.917,  0.000
1176.0,  1597610.413,  6579785.493,  0.000
1177.0,  1590153.381,  6581591.620,  0.000
1178.0,  1582694.308,  6583389.295,  0.000
1179.0,  1575233.202,  6585178.517,  0.000
1180.0,  1567770.074,  6586959.284,  0.000
1181.0,  1560304.933,  6588731.592,  0.000
1182.0,  1552837.788,  6590495.440,  0.000
1183.0,  1545368.649,  6592250.825,  0.000
1184.0,  1537897.526,  6593997.746,  0.000
1185.0,  1530424.428,  6595736.199,  0.000
1186.0,  1522949.365,  6597466.183,  0.000
1187.0,  1515472.346,  6599187.696,  0.000
1188.0,  1507993.381,  6600900.734,  0.000
1189.0,  1500512.480,  6602605.297,  0.000
1190.0,  1493029.652,  6604301.382,  0.000
1191.0,  1485544.908,  6605988.986,  0.000
1192.0,  1478058.255,  6607668.107,  0.000
1193.0,  1470569.705,  6609338.744,  0.000
1194.0,  1463079.266,  6611000.895,  0.000
1195.0,  1455586.949,  6612654.556,  0.000
1196.0,  1448092.762,  6614299.726,  0.000
1197.0,  1440596.716,  6615936.403,  0.000
1198.0,  1433098.821,  6617564.585,  0.000
1199.0,  1425599.085,  6619184.269,  0.000
1200.0,  1418097.518,  6620795.454,  0.000
1201.0,  1410594.131,  6622398.137,  0.000
1202.0,  1403088.932,  6623992.317,  0.000
1203.0,  1395581.932,  6625577.991,  0.000
1204.0,  1388073.140,  6627155.158,  0.000
1205.0,  1380562.565,  6628723.815,  0.000
1206.0,  1373050.217,  6630283.960,  0.000
1207.0,  1365536.107,  6631835.591,  0.000
1208.0,  1358020.243,  6633378.707,  0.000
1209.0,  1350502.635,  6634913.305,  0.000
1210.0,  1342983.293,  6636439.383,  0.000
1211.0,  1335462.227,  6637956.940,  0.000
1212.0,  1327939.446,  6639465.973,  0.000
1213.0,  1320414.959,  6640966.481,  0.000
1214.0,  1312888.778,  6642458.461,  0.000
1215.0,  1305360.910,  6643941.912,  0.000
1216.0,  1297831.366,  6645416.832,  0.000
1217.0,  1290300.156,  6646883.219,  0.000
1218.0,  1282767.289,  6648341.070,  0.000
1219.0,  1275232.774,  6649790.385,  0.000
1220.0,  1267696.623,  6651231.161,  0.000
1221.0,  1260158.843,  6652663.396,  0.000
1222.0,  1252619.445,  6654087.089,  0.000
1223.0,  1245078.439,  6655502.238,  0.000
1224.0,  1237535.834,  6656908.840,  0.000
1225.0,  1229991.640,  6658306.895,  0.000
1226.0,  1222445.867,  6659696.400,  0.000
1227.0,  1214898.524,  6661077.353,  0.000
1228.0,  1207349.621,  6662449.753,  0.000
1229.0,  1199799.167,  6663813.598,  0.000
1230.0,  1192247.173,  6665168.887,  0.000
1231.0,  1184693.648,  6666515.617,  0.000
1232.0,  1177138.602,  6667853.786,  0.000
1233.0,  1169582.045,  6669183.394,  0.000
1234.0,  1162023.985,  6670504.438,  0.000
1235.0,  1154464.433,  6671816.917,  0.000
1236.0,  1146903.399,  6673120.829,  0.000
1237.0,  1139340.893,  6674416.172,  0.000
1238.0,  1131776.923,  6675702.944,  0.000
1239.0,  1124211.500,  6676981.145,  0.000
1240.0,  1116644.634,  6678250.772,  0.000
1241.0,  1109076.333,  6679511.823,  0.000
1242.0,  1101506.609,  6680764.298,  0.000
1243.0,  1093935.470,  6682008.194,  0.000
1244.0,  1086362.926,  6683243.510,  0.000
1245.0,  1078788.988,  6684470.245,  0.000
1246.0,  1071213.664,  6685688.396,  0.000
1247.0,  1063636.965,  6686897.962,  0.000
1248.0,  1056058.899,  6688098.942,  0.000
1249.0,  1048479.478,  6689291.334,  0.000
1250.0,  1040898.711,  6690475.136,  0.000
1251.0,  1033316.607,  6691650.347,  0.000
1252.0,  1025733.176,  6692816.966,  0.000
1253.0,  1018148.428,  6693974.991,  0.000
1254.0,  1010562.373,  6695124.420,  0.000
1255.0,  1002975.020,  6696265.253,  0.000
1256.0,  995386.379,  6697397.487,  0.000
1257.0,  987796.460,  6698521.121,  0.000
1258.0,  980205.273,  6699636.154,  0.000
1259.0,  972612.827,  6700742.584,  0.000
1260.0,  965019.132,  6701840.409,  0.000
1261.0,  957424.198,  6702929.630,  0.000
1262.0,  949828.034,  6704010.243,  0.000
1263.0,  942230.651,  6705082.248,  0.000
1264.0,  934632.058,  6706145.643,  0.000
1265.0,  927032.265,  6707200.427,  0.000
1266.0,  919431.282,  6708246.598,  0.000
1267.0,  911829.118,  6709284.156,  0.000
1268.0,  904225.783,  6710313.099,  0.000
1269.0,  896621.287,  6711333.425,  0.000
1270.0,  889015.639,  6712345.133,  0.000
1271.0,  881408.850,  6713348.222,  0.000
1272.0,  873800.930,  6714342.691,  0.000
1273.0,  866191.887,  6715328.538,  0.000
1274.0,  858581.732,  6716305.763,  0.000
1275.0,  850970.475,  6717274.363,  0.000
1276.0,  843358.125,  6718234.338,  0.000
1277.0,  835744.692,  6719185.686,  0.000
1278.0,  828130.185,  6720128.406,  0.000
1279.0,  820514.616,  6721062.497,  0.000
1280.0,  812897.993,  6721987.958,  0.000
1281.0,  805280.326,  6722904.787,  0.000
1282.0,  797661.625,  6723812.984,  0.000
1283.0,  790041.900,  6724712.547,  0.000
1284.0,  782421.160,  6725603.475,  0.000
1285.0,  774799.415,  6726485.767,  0.000
1286.0,  767176.676,  6727359.422,  0.000
1287.0,  759552.952,  6728224.438,  0.000
1288.0,  751928.252,  6729080.815,  0.000
1289.0,  744302.587,  6729928.551,  0.000
1290.0,  736675.966,  6730767.646,  0.000
1291.0,  729048.399,  6731598.098,  0.000
1292.0,  721419.896,  6732419.906,  0.000
1293.0,  713790.467,  6733233.069,  0.000
1294.0,  706160.121,  6734037.586,  0.000
1295.0,  698528.868,  6734833.457,  0.000
1296.0,  690896.718,  6735620.679,  0.000
1297.0,  683263.682,  6736399.252,  0.000
1298.0,  675629.767,  6737169.176,  0.000
1299.0,  667994.986,  6737930.448,  0.000
1300.0,  660359.346,  6738683.069,  0.000
1301.0,  652722.859,  6739427.037,  0.000
1302.0,  645085.533,  6740162.351,  0.000
1303.0,  637447.380,  6740889.010,  0.000
1304.0,  629808.407,  6741607.013,  0.000
1305.0,  622168.626,  6742316.360,  0.000
1306.0,  614528.046,  6743017.049,  0.000
1307.0,  606886.677,  6743709.079,  0.000
1308.0,  599244.529,  6744392.451,  0.000
1309.0,  591601.611,  6745067.162,  0.000
1310.0,  583957.933,  6745733.212,  0.000
1311.0,  576313.506,  6746390.600,  0.000
1312.0,  568668.339,  6747039.325,  0.000
1313.0,  561022.441,  6747679.386,  0.000
1314.0,  553375.823,  6748310.784,  0.000
1315.0,  545728.494,  6748933.515,  0.000
1316.0,  538080.465,  6749547.581,  0.000
1317.0,  530431.745,  6750152.980,  0.000
1318.0,  522782.344,  6750749.712,  0.000
1319.0,  515132.271,  6751337.774,  0.000
1320.0,  507481.537,  6751917.168,  0.000
1321.0,  499830.151,  6752487.892,  0.000
1322.0,  492178.124,  6753049.945,  0.000
1323.0,  484525.464,  6753603.327,  0.000
1324.0,  476872.183,  6754148.037,  0.000
1325.0,  469218.289,  6754684.074,  0.000
1326.0,  461563.792,  6755211.438,  0.000
1327.0,  453908.703,  6755730.127,  0.000
1328.0,  446253.031,  6756240.142,  0.000
1329.0,  438596.786,  6756741.481,  0.000
1330.0,  430939.978,  6757234.145,  0.000
1331.0,  423282.616,  6757718.131,  0.000
1332.0,  415624.711,  6758193.440,  0.000
1333.0,  407966.272,  6758660.071,  0.000
1334.0,  400307.309,  6759118.024,  0.000
1335.0,  392647.833,  6759567.297,  0.000
1336.0,  384987.852,  6760007.891,  0.000
1337.0,  377327.377,  6760439.805,  0.000
1338.0,  369666.417,  6760863.037,  0.000
1339.0,  362004.983,  6761277.589,  0.000
1340.0,  354343.083,  6761683.458,  0.000
1341.0,  346680.729,  6762080.645,  0.000
1342.0,  339017.930,  6762469.149,  0.000
1343.0,  331354.695,  6762848.969,  0.000
1344.0,  323691.035,  6763220.106,  0.000
1345.0,  316026.959,  6763582.558,  0.000
1346.0,  308362.477,  6763936.326,  0.000
1347.0,  300697.600,  6764281.408,  0.000
1348.0,  293032.336,  6764617.804,  0.000
1349.0,  285366.696,  6764945.514,  0.000
1350.0,  277700.690,  6765264.537,  0.000
1351.0,  270034.327,  6765574.874,  0.000
1352.0,  262367.617,  6765876.523,  0.000
1353.0,  254700.570,  6766169.484,  0.000
1354.0,  247033.197,  6766453.757,  0.000
1355.0,  239365.506,  6766729.341,  0.000
1356.0,  231697.507,  6766996.237,  0.000
1357.0,  224029.212,  6767254.443,  0.000
1358.0,  216360.628,  6767503.959,  0.000
1359.0,  208691.767,  6767744.786,  0.000
1360.0,  201022.638,  6767976.923,  0.000
1361.0,  193353.250,  6768200.368,  0.000
1362.0,  185683.615,  6768415.124,  0.000
1363.0,  178013.741,  6768621.188,  0.000
1364.0,  170343.638,  6768818.561,  0.000
1365.0,  162673.317,  6769007.242,  0.000
1366.0,  155002.786,  6769187.231,  0.000
1367.0,  147332.057,  6769358.528,  0.000
1368.0,  139661.139,  6769521.133,  0.000
1369.0,  131990.041,  6769675.046,  0.000
1370.0,  124318.773,  6769820.265,  0.000
1371.0,  116647.347,  6769956.792,  0.000
1372.0,  108975.770,  6770084.626,  0.000
1373.0,  101304.053,  6770203.767,  0.000
1374.0,  93632.206,  6770314.214,  0.000
1375.0,  85960.240,  6770415.968,  0.000
1376.0,  78288.162,  6770509.028,  0.000
1377.0,  70615.984,  6770593.394,  0.000
1378.0,  62943.716,  6770669.066,  0.000
1379.0,  55271.366,  6770736.045,  0.000
1380.0,  47598.946,  6770794.329,  0.000
1381.0,  39926.465,  6770843.919,  0.000
1382.0,  32253.932,  6770884.816,  0.000
1383.0,  24581.358,  6770917.017,  0.000
1384.0,  16908.752,  6770940.525,  0.000
1385.0,  9236.125,  6770955.338,  0.000
1386.0,  1563.485,  6770961.457,  0.000
1387.0,  -6109.156,  6770958.881,  0.000
1388.0,  -13781.789,  6770947.612,  0.000
1389.0,  -21454.405,  6770927.647,  0.000
1390.0,  -29126.993,  6770898.989,  0.000
1391.0,  -36799.544,  6770861.636,  0.000
1392.0,  -44472.047,  6770815.589,  0.000
1393.0,  -52144.494,  6770760.848,  0.000
1394.0,  -59816.873,  6770697.413,  0.000
1395.0,  -67489.176,  6770625.284,  0.000
1396.0,  -75161.392,  6770544.461,  0.000
1397.0,  -82833.512,  6770454.944,  0.000
1398.0,  -90505.525,  6770356.733,  0.000
1399.0,  -98177.422,  6770249.829,  0.000
1400.0,  -105849.192,  6770134.231,  0.000
1401.0,  -113520.827,  6770009.940,  0.000
1402.0,  -121192.317,  6769876.956,  0.000
1403.0,  -128863.650,  6769735.279,  0.000
1404.0,  -136534.818,  6769584.909,  0.000
1405.0,  -144205.811,  6769425.847,  0.000
1406.0,  -151876.618,  6769258.092,  0.000
1407.0,  -159547.231,  6769081.645,  0.000
1408.0,  -167217.639,  6768896.506,  0.000
1409.0,  -174887.832,  6768702.676,  0.000
1410.0,  -182557.800,  6768500.154,  0.000
1411.0,  -190227.534,  6768288.941,  0.000
1412.0,  -197897.024,  6768069.037,  0.000
1413.0,  -205566.259,  6767840.442,  0.000
1414.0,  -213235.231,  6767603.157,  0.000
1415.0,  -220903.929,  6767357.182,  0.000
1416.0,  -228572.343,  6767102.517,  0.000
1417.0,  -236240.464,  6766839.163,  0.000
1418.0,  -243908.281,  6766567.120,  0.000
1419.0,  -251575.785,  6766286.388,  0.000
1420.0,  -259242.966,  6765996.967,  0.000
1421.0,  -266909.815,  6765698.859,  0.000
1422.0,  -274576.320,  6765392.063,  0.000
1423.0,  -282242.473,  6765076.580,  0.000
1424.0,  -289908.264,  6764752.410,  0.000
1425.0,  -297573.682,  6764419.554,  0.000
1426.0,  -305238.718,  6764078.012,  0.000
1427.0,  -312903.362,  6763727.784,  0.000
1428.0,  -320567.605,  6763368.871,  0.000
1429.0,  -328231.435,  6763001.274,  0.000
1430.0,  -335894.845,  6762624.992,  0.000
1431.0,  -343557.823,  6762240.027,  0.000
1432.0,  -351220.360,  6761846.379,  0.000
1433.0,  -358882.445,  6761444.048,  0.000
1434.0,  -366544.070,  6761033.035,  0.000
1435.0,  -374205.225,  6760613.340,  0.000
1436.0,  -381865.899,  6760184.965,  0.000
1437.0,  -389526.082,  6759747.909,  0.000
1438.0,  -397185.766,  6759302.172,  0.000
1439.0,  -404844.939,  6758847.757,  0.000
1440.0,  -412503.592,  6758384.663,  0.000
1441.0,  -420161.716,  6757912.890,  0.000
1442.0,  -427819.300,  6757432.440,  0.000
1443.0,  -435476.335,  6756943.313,  0.000
1444.0,  -443132.811,  6756445.509,  0.000
1445.0,  -450788.718,  6755939.030,  0.000
1446.0,  -458444.046,  6755423.876,  0.000
1447.0,  -466098.785,  6754900.047,  0.000
1448.0,  -473752.926,  6754367.545,  0.000
1449.0,  -481406.458,  6753826.370,  0.000
1450.0,  -489059.372,  6753276.522,  0.000
1451.0,  -496711.659,  6752718.003,  0.000
1452.0,  -504363.307,  6752150.812,  0.000
1453.0,  -512014.308,  6751574.952,  0.000
1454.0,  -519664.651,  6750990.422,  0.000
1455.0,  -527314.327,  6750397.223,  0.000
1456.0,  -534963.326,  6749795.357,  0.000
1457.0,  -542611.638,  6749184.823,  0.000
1458.0,  -550259.254,  6748565.623,  0.000
1459.0,  -557906.163,  6747937.757,  0.000
1460.0,  -565552.355,  6747301.227,  0.000
1461.0,  -573197.821,  6746656.032,  0.000
1462.0,  -580842.551,  6746002.175,  0.000
1463.0,  -588486.535,  6745339.655,  0.000
1464.0,  -596129.764,  6744668.474,  0.000
1465.0,  -603772.227,  6743988.632,  0.000
1466.0,  -611413.915,  6743300.130,  0.000
1467.0,  -619054.818,  6742602.969,  0.000
1468.0,  -626694.926,  6741897.151,  0.000
1469.0,  -634334.229,  6741182.676,  0.000
1470.0,  -641972.718,  6740459.544,  0.000
1471.0,  -649610.382,  6739727.757,  0.000
1472.0,  -657247.212,  6738987.316,  0.000
1473.0,  -664883.198,  6738238.222,  0.000
1474.0,  -672518.331,  6737480.476,  0.000
1475.0,  -680152.600,  6736714.078,  0.000
1476.0,  -687785.995,  6735939.029,  0.000
1477.0,  -695418.508,  6735155.332,  0.000
1478.0,  -703050.127,  6734362.986,  0.000
1479.0,  -710680.844,  6733561.992,  0.000
1480.0,  -718310.648,  6732752.353,  0.000
1481.0,  -725939.529,  6731934.068,  0.000
1482.0,  -733567.479,  6731107.138,  0.000
1483.0,  -741194.487,  6730271.566,  0.000
1484.0,  -748820.543,  6729427.351,  0.000
1485.0,  -756445.637,  6728574.496,  0.000
1486.0,  -764069.760,  6727713.000,  0.000
1487.0,  -771692.902,  6726842.866,  0.000
1488.0,  -779315.053,  6725964.094,  0.000
1489.0,  -786936.203,  6725076.686,  0.000
1490.0,  -794556.343,  6724180.642,  0.000
1491.0,  -802175.463,  6723275.964,  0.000
1492.0,  -809793.552,  6722362.652,  0.000
1493.0,  -817410.602,  6721440.709,  0.000
1494.0,  -825026.602,  6720510.135,  0.000
1495.0,  -832641.543,  6719570.931,  0.000
1496.0,  -840255.414,  6718623.099,  0.000
1497.0,  -847868.207,  6717666.640,  0.000
1498.0,  -855479.911,  6716701.555,  0.000
1499.0,  -863090.516,  6715727.845,  0.000
1500.0,  -870700.014,  6714745.512,  0.000
1501.0,  -878308.393,  6713754.557,  0.000
1502.0,  -885915.644,  6712754.981,  0.000
1503.0,  -893521.758,  6711746.785,  0.000
1504.0,  -901126.724,  6710729.971,  0.000
1505.0,  -908730.533,  6709704.540,  0.000
1506.0,  -916333.176,  6708670.493,  0.000
1507.0,  -923934.642,  6707627.832,  0.000
1508.0,  -931534.921,  6706576.558,  0.000
1509.0,  -939134.004,  6705516.672,  0.000
1510.0,  -946731.882,  6704448.176,  0.000
1511.0,  -954328.543,  6703371.071,  0.000
1512.0,  -961923.980,  6702285.358,  0.000
1513.0,  -969518.181,  6701191.039,  0.000
1514.0,  -977111.137,  6700088.116,  0.000
1515.0,  -984702.838,  6698976.589,  0.000
1516.0,  -992293.275,  6697856.460,  0.000
1517.0,  -999882.438,  6696727.731,  0.000
1518.0,  -1007470.317,  6695590.403,  0.000
1519.0,  -1015056.903,  6694444.477,  0.000
1520.0,  -1022642.185,  6693289.955,  0.000
1521.0,  -1030226.154,  6692126.838,  0.000
1522.0,  -1037808.799,  6690955.128,  0.000
1523.0,  -1045390.113,  6689774.827,  0.000
1524.0,  -1052970.084,  6688585.936,  0.000
1525.0,  -1060548.703,  6687388.456,  0.000
1526.0,  -1068125.960,  6686182.389,  0.000
1527.0,  -1075701.845,  6684967.736,  0.000
1528.0,  -1083276.350,  6683744.500,  0.000
1529.0,  -1090849.463,  6682512.681,  0.000
1530.0,  -1098421.175,  6681272.281,  0.000
1531.0,  -1105991.477,  6680023.303,  0.000
1532.0,  -1113560.359,  6678765.746,  0.000
1533.0,  -1121127.811,  6677499.614,  0.000
1534.0,  -1128693.824,  6676224.908,  0.000
1535.0,  -1136258.387,  6674941.628,  0.000
1536.0,  -1143821.491,  6673649.778,  0.000
1537.0,  -1151383.127,  6672349.358,  0.000
1538.0,  -1158943.284,  6671040.371,  0.000
1539.0,  -1166501.952,  6669722.817,  0.000
1540.0,  -1174059.123,  6668396.699,  0.000
1541.0,  -1181614.787,  6667062.019,  0.000
1542.0,  -1189168.933,  6665718.777,  0.000
1543.0,  -1196721.552,  6664366.977,  0.000
1544.0,  -1204272.634,  6663006.619,  0.000
1545.0,  -1211822.170,  6661637.705,  0.000
1546.0,  -1219370.150,  6660260.237,  0.000
1547.0,  -1226916.565,  6658874.217,  0.000
1548.0,  -1234461.403,  6657479.647,  0.000
1549.0,  -1242004.657,  6656076.528,  0.000
1550.0,  -1249546.316,  6654664.862,  0.000
1551.0,  -1257086.370,  6653244.651,  0.000
1552.0,  -1264624.811,  6651815.897,  0.000
1553.0,  -1272161.627,  6650378.601,  0.000
1554.0,  -1279696.810,  6648932.767,  0.000
1555.0,  -1287230.349,  6647478.394,  0.000
1556.0,  -1294762.236,  6646015.486,  0.000
1557.0,  -1302292.460,  6644544.043,  0.000
1558.0,  -1309821.012,  6643064.069,  0.000
1559.0,  -1317347.882,  6641575.565,  0.000
1560.0,  -1324873.061,  6640078.532,  0.000
1561.0,  -1332396.538,  6638572.973,  0.000
1562.0,  -1339918.304,  6637058.890,  0.000
1563.0,  -1347438.350,  6635536.284,  0.000
1564.0,  -1354956.666,  6634005.158,  0.000
1565.0,  -1362473.242,  6632465.514,  0.000
1566.0,  -1369988.068,  6630917.352,  0.000
1567.0,  -1377501.135,  6629360.677,  0.000
1568.0,  -1385012.434,  6627795.489,  0.000
1569.0,  -1392521.953,  6626221.790,  0.000
1570.0,  -1400029.685,  6624639.583,  0.000
1571.0,  -1407535.619,  6623048.869,  0.000
1572.0,  -1415039.746,  6621449.651,  0.000
1573.0,  -1422542.056,  6619841.931,  0.000
1574.0,  -1430042.539,  6618225.710,  0.000
1575.0,  -1437541.186,  6616600.991,  0.000
1576.0,  -1445037.987,  6614967.776,  0.000
1577.0,  -1452532.932,  6613326.067,  0.000
1578.0,  -1460026.012,  6611675.866,  0.000
1579.0,  -1467517.218,  6610017.175,  0.000
1580.0,  -1475006.539,  6608349.997,  0.000
1581.0,  -1482493.966,  6606674.333,  0.000
1582.0,  -1489979.490,  6604990.186,  0.000
1583.0,  -1497463.100,  6603297.557,  0.000
1584.0,  -1504944.787,  6601596.449,  0.000
1585.0,  -1512424.542,  6599886.865,  0.000
1586.0,  -1519902.355,  6598168.805,  0.000
1587.0,  -1527378.216,  6596442.274,  0.000
1588.0,  -1534852.116,  6594707.272,  0.000
1589.0,  -1542324.046,  6592963.802,  0.000
1590.0,  -1549793.994,  6591211.866,  0.000
1591.0,  -1557261.953,  6589451.467,  0.000
1592.0,  -1564727.912,  6587682.606,  0.000
1593.0,  -1572191.862,  6585905.287,  0.000
1594.0,  -1579653.793,  6584119.510,  0.000
1595.0,  -1587113.696,  6582325.280,  0.000
1596.0,  -1594571.561,  6580522.597,  0.000
1597.0,  -1602027.378,  6578711.464,  0.000
1598.0,  -1609481.138,  6576891.884,  0.000
1599.0,  -1616932.831,  6575063.859,  0.000
1600.0,  -1624382.449,  6573227.391,  0.000
1601.0,  -1631829.980,  6571382.482,  0.000
1602.0,  -1639275.416,  6569529.135,  0.000
1603.0,  -1646718.747,  6567667.353,  0.000
1604.0,  -1654159.964,  6565797.138,  0.000
1605.0,  -1661599.056,  6563918.491,  0.000
1606.0,  -1669036.015,  6562031.416,  0.000
1607.0,  -1676470.831,  6560135.915,  0.000
1608.0,  -1683903.494,  6558231.990,  0.000
1609.0,  -1691333.995,  6556319.645,  0.000
1610.0,  -1698762.324,  6554398.880,  0.000
1611.0,  -1706188.472,  6552469.699,  0.000
1612.0,  -1713612.429,  6550532.105,  0.000
1613.0,  -1721034.185,  6548586.099,  0.000
1614.0,  -1728453.732,  6546631.684,  0.000
1615.0,  -1735871.059,  6544668.863,  0.000
1616.0,  -1743286.157,  6542697.638,  0.000
1617.0,  -1750699.017,  6540718.012,  0.000
1618.0,  -1758109.629,  6538729.987,  0.000
1619.0,  -1765517.983,  6536733.567,  0.000
1620.0,  -1772924.070,  6534728.752,  0.000
1621.0,  -1780327.881,  6532715.547,  0.000
1622.0,  -1787729.405,  6530693.953,  0.000
1623.0,  -1795128.634,  6528663.973,  0.000
1624.0,  -1802525.558,  6526625.610,  0.000
1625.0,  -1809920.167,  6524578.867,  0.000
1626.0,  -1817312.453,  6522523.745,  0.000
1627.0,  -1824702.404,  6520460.248,  0.000
1628.0,  -1832090.013,  6518388.379,  0.000
1629.0,  -1839475.269,  6516308.139,  0.000
1630.0,  -1846858.164,  6514219.533,  0.000
1631.0,  -1854238.686,  6512122.561,  0.000
1632.0,  -1861616.828,  6510017.228,  0.000
1633.0,  -1868992.579,  6507903.535,  0.000
1634.0,  -1876365.931,  6505781.485,  0.000
1635.0,  -1883736.873,  6503651.082,  0.000
1636.0,  -1891105.396,  6501512.328,  0.000
1637.0,  -1898471.491,  6499365.225,  0.000
1638.0,  -1905835.148,  6497209.777,  0.000
1639.0,  -1913196.358,  6495045.986,  0.000
1640.0,  -1920555.112,  6492873.855,  0.000
1641.0,  -1927911.399,  6490693.387,  0.000
1642.0,  -1935265.210,  6488504.584,  0.000
1643.0,  -1942616.537,  6486307.449,  0.000
1644.0,  -1949965.369,  6484101.986,  0.000
1645.0,  -1957311.697,  6481888.197,  0.000
1646.0,  -1964655.512,  6479666.084,  0.000
1647.0,  -1971996.805,  6477435.652,  0.000
1648.0,  -1979335.565,  6475196.901,  0.000
1649.0,  -1986671.783,  6472949.837,  0.000
1650.0,  -1994005.451,  6470694.460,  0.000
1651.0,  -2001336.558,  6468430.775,  0.000
1652.0,  -2008665.095,  6466158.784,  0.000
1653.0,  -2015991.053,  6463878.490,  0.000
1654.0,  -2023314.422,  6461589.896,  0.000
1655.0,  -2030635.193,  6459293.005,  0.000
1656.0,  -2037953.357,  6456987.819,  0.000
1657.0,  -2045268.904,  6454674.343,  0.000
1658.0,  -2052581.825,  6452352.578,  0.000
1659.0,  -2059892.110,  6450022.528,  0.000
1660.0,  -2067199.750,  6447684.196,  0.000
1661.0,  -2074504.735,  6445337.585,  0.000
1662.0,  -2081807.057,  6442982.697,  0.000
1663.0,  -2089106.705,  6440619.537,  0.000
1664.0,  -2096403.672,  6438248.106,  0.000
1665.0,  -2103697.946,  6435868.408,  0.000
1666.0,  -2110989.519,  6433480.446,  0.000
1667.0,  -2118278.381,  6431084.222,  0.000
1668.0,  -2125564.523,  6428679.741,  0.000
1669.0,  -2132847.936,  6426267.006,  0.000
1670.0,  -2140128.610,  6423846.018,  0.000
1671.0,  -2147406.536,  6421416.782,  0.000
1672.0,  -2154681.705,  6418979.300,  0.000
1673.0,  -2161954.107,  6416533.576,  0.000
1674.0,  -2169223.732,  6414079.613,  0.000
1675.0,  -2176490.573,  6411617.413,  0.000
1676.0,  -2183754.618,  6409146.981,  0.000
1677.0,  -2191015.860,  6406668.319,  0.000
1678.0,  -2198274.288,  6404181.430,  0.000
1679.0,  -2205529.894,  6401686.318,  0.000
1680.0,  -2212782.667,  6399182.986,  0.000
1681.0,  -2220032.599,  6396671.437,  0.000
1682.0,  -2227279.681,  6394151.674,  0.000
1683.0,  -2234523.902,  6391623.701,  0.000
1684.0,  -2241765.254,  6389087.520,  0.000
1685.0,  -2249003.728,  6386543.136,  0.000
1686.0,  -2256239.314,  6383990.550,  0.000
1687.0,  -2263472.002,  6381429.768,  0.000
1688.0,  -2270701.784,  6378860.791,  0.000
1689.0,  -2277928.651,  6376283.623,  0.000
1690.0,  -2285152.592,  6373698.268,  0.000
1691.0,  -2292373.599,  6371104.728,  0.000
1692.0,  -2299591.663,  6368503.008,  0.000
1693.0,  -2306806.774,  6365893.110,  0.000
1694.0,  -2314018.922,  6363275.038,  0.000
1695.0,  -2321228.100,  6360648.794,  0.000
1696.0,  -2328434.297,  6358014.384,  0.000
1697.0,  -2335637.503,  6355371.809,  0.000
1698.0,  -2342837.711,  6352721.074,  0.000
1699.0,  -2350034.911,  6350062.182,  0.000
1700.0,  -2357229.092,  6347395.135,  0.000
1701.0,  -2364420.248,  6344719.938,  0.000
1702.0,  -2371608.366,  6342036.594,  0.000
1703.0,  -2378793.440,  6339345.107,  0.000
1704.0,  -2385975.459,  6336645.479,  0.000
1705.0,  -2393154.415,  6333937.715,  0.000
1706.0,  -2400330.297,  6331221.817,  0.000
1707.0,  -2407503.097,  6328497.790,  0.000
1708.0,  -2414672.806,  6325765.637,  0.000
1709.0,  -2421839.414,  6323025.361,  0.000
1710.0,  -2429002.913,  6320276.966,  0.000
1711.0,  -2436163.292,  6317520.455,  0.000
1712.0,  -2443320.544,  6314755.832,  0.000
1713.0,  -2450474.658,  6311983.101,  0.000
1714.0,  -2457625.625,  6309202.264,  0.000
1715.0,  -2464773.437,  6306413.327,  0.000
1716.0,  -2471918.083,  6303616.291,  0.000
1717.0,  -2479059.556,  6300811.161,  0.000
1718.0,  -2486197.845,  6297997.941,  0.000
1719.0,  -2493332.942,  6295176.633,  0.000
1720.0,  -2500464.838,  6292347.242,  0.000
1721.0,  -2507593.522,  6289509.771,  0.000
1722.0,  -2514718.987,  6286664.225,  0.000
1723.0,  -2521841.222,  6283810.605,  0.000
1724.0,  -2528960.220,  6280948.917,  0.000
1725.0,  -2536075.970,  6278079.164,  0.000
1726.0,  -2543188.463,  6275201.349,  0.000
1727.0,  -2550297.691,  6272315.477,  0.000
1728.0,  -2557403.645,  6269421.550,  0.000
1729.0,  -2564506.314,  6266519.574,  0.000
1730.0,  -2571605.690,  6263609.550,  0.000
1731.0,  -2578701.765,  6260691.484,  0.000
1732.0,  -2585794.528,  6257765.379,  0.000
1733.0,  -2592883.970,  6254831.238,  0.000
1734.0,  -2599970.084,  6251889.065,  0.000
1735.0,  -2607052.858,  6248938.865,  0.000
1736.0,  -2614132.286,  6245980.641,  0.000
1737.0,  -2621208.356,  6243014.397,  0.000
1738.0,  -2628281.061,  6240040.136,  0.000
1739.0,  -2635350.391,  6237057.863,  0.000
1740.0,  -2642416.336,  6234067.580,  0.000
1741.0,  -2649478.889,  6231069.293,  0.000
1742.0,  -2656538.040,  6228063.005,  0.000
1743.0,  -2663593.779,  6225048.720,  0.000
1744.0,  -2670646.099,  6222026.441,  0.000
1745.0,  -2677694.989,  6218996.173,  0.000
1746.0,  -2684740.440,  6215957.919,  0.000
1747.0,  -2691782.445,  6212911.683,  0.000
1748.0,  -2698820.993,  6209857.470,  0.000
1749.0,  -2705856.075,  6206795.283,  0.000
1750.0,  -2712887.683,  6203725.126,  0.000
1751.0,  -2719915.808,  6200647.003,  0.000
1752.0,  -2726940.440,  6197560.918,  0.000
1753.0,  -2733961.570,  6194466.875,  0.000
1754.0,  -2740979.190,  6191364.878,  0.000
1755.0,  -2747993.290,  6188254.930,  0.000
1756.0,  -2755003.862,  6185137.037,  0.000
1757.0,  -2762010.896,  6182011.202,  0.000
1758.0,  -2769014.383,  6178877.428,  0.000
1759.0,  -2776014.315,  6175735.720,  0.000
1760.0,  -2783010.682,  6172586.083,  0.000
1761.0,  -2790003.476,  6169428.519,  0.000
1762.0,  -2796992.687,  6166263.034,  0.000
1763.0,  -2803978.307,  6163089.630,  0.000
1764.0,  -2810960.326,  6159908.313,  0.000
1765.0,  -2817938.736,  6156719.086,  0.000
1766.0,  -2824913.527,  6153521.954,  0.000
1767.0,  -2831884.691,  6150316.920,  0.000
1768.0,  -2838852.219,  6147103.988,  0.000
1769.0,  -2845816.101,  6143883.164,  0.000
1770.0,  -2852776.329,  6140654.450,  0.000
1771.0,  -2859732.894,  6137417.851,  0.000
1772.0,  -2866685.787,  6134173.372,  0.000
1773.0,  -2873634.999,  6130921.015,  0.000
1774.0,  -2880580.521,  6127660.787,  0.000
1775.0,  -2887522.344,  6124392.690,  0.000
1776.0,  -2894460.460,  6121116.729,  0.000
1777.0,  -2901394.858,  6117832.908,  0.000
1778.0,  -2908325.532,  6114541.231,  0.000
1779.0,  -2915252.470,  6111241.703,  0.000
1780.0,  -2922175.666,  6107934.327,  0.000
1781.0,  -2929095.109,  6104619.109,  0.000
1782.0,  -2936010.791,  6101296.052,  0.000
1783.0,  -2942922.703,  6097965.161,  0.000
1784.0,  -2949830.836,  6094626.439,  0.000
1785.0,  -2956735.181,  6091279.891,  0.000
1786.0,  -2963635.730,  6087925.522,  0.000
1787.0,  -2970532.473,  6084563.336,  0.000
1788.0,  -2977425.402,  6081193.337,  0.000
1789.0,  -2984314.507,  6077815.529,  0.000
1790.0,  -2991199.781,  6074429.916,  0.000
1791.0,  -2998081.213,  6071036.504,  0.000
1792.0,  -3004958.796,  6067635.297,  0.000
1793.0,  -3011832.521,  6064226.298,  0.000
1794.0,  -3018702.378,  6060809.512,  0.000
1795.0,  -3025568.359,  6057384.943,  0.000
1796.0,  -3032430.455,  6053952.597,  0.000
1797.0,  -3039288.657,  6050512.477,  0.000
1798.0,  -3046142.956,  6047064.588,  0.000
1799.0,  -3052993.344,  6043608.934,  0.000
1800.0,  -3059839.812,  6040145.520,  0.000
1801.0,  -3066682.350,  6036674.349,  0.000
1802.0,  -3073520.951,  6033195.427,  0.000
1803.0,  -3080355.605,  6029708.759,  0.000
1804.0,  -3087186.304,  6026214.347,  0.000
1805.0,  -3094013.039,  6022712.198,  0.000
1806.0,  -3100835.801,  6019202.315,  0.000
1807.0,  -3107654.581,  6015684.703,  0.000
1808.0,  -3114469.371,  6012159.367,  0.000
1809.0,  -3121280.161,  6008626.311,  0.000
1810.0,  -3128086.944,  6005085.539,  0.000
1811.0,  -3134889.710,  6001537.056,  0.000
1812.0,  -3141688.451,  5997980.867,  0.000
1813.0,  -3148483.157,  5994416.976,  0.000
1814.0,  -3155273.821,  5990845.388,  0.000
1815.0,  -3162060.433,  5987266.108,  0.000
1816.0,  -3168842.985,  5983679.139,  0.000
1817.0,  -3175621.468,  5980084.487,  0.000
1818.0,  -3182395.873,  5976482.156,  0.000
1819.0,  -3189166.192,  5972872.151,  0.000
1820.0,  -3195932.415,  5969254.477,  0.000
1821.0,  -3202694.535,  5965629.137,  0.000
1822.0,  -3209452.543,  5961996.137,  0.000
1823.0,  -3216206.429,  5958355.482,  0.000
1824.0,  -3222956.185,  5954707.176,  0.000
1825.0,  -3229701.803,  5951051.224,  0.000
1826.0,  -3236443.274,  5947387.630,  0.000
1827.0,  -3243180.589,  5943716.399,  0.000
1828.0,  -3249913.740,  5940037.536,  0.000
1829.0,  -3256642.718,  5936351.046,  0.000
1830.0,  -3263367.513,  5932656.933,  0.000
1831.0,  -3270088.119,  5928955.203,  0.000
1832.0,  -3276804.525,  5925245.859,  0.000
1833.0,  -3283516.724,  5921528.907,  0.000
1834.0,  -3290224.707,  5917804.351,  0.000
1835.0,  -3296928.465,  5914072.196,  0.000
1836.0,  -3303627.989,  5910332.447,  0.000
1837.0,  -3310323.271,  5906585.110,  0.000
1838.0,  -3317014.303,  5902830.187,  0.000
1839.0,  -3323701.075,  5899067.685,  0.000
1840.0,  -3330383.580,  5895297.609,  0.000
1841.0,  -3337061.808,  5891519.962,  0.000
1842.0,  -3343735.751,  5887734.750,  0.000
1843.0,  -3350405.400,  5883941.979,  0.000
1844.0,  -3357070.748,  5880141.651,  0.000
1845.0,  -3363731.785,  5876333.774,  0.000
1846.0,  -3370388.502,  5872518.350,  0.000
1847.0,  -3377040.892,  5868695.386,  0.000
1848.0,  -3383688.945,  5864864.887,  0.000
1849.0,  -3390332.654,  5861026.856,  0.000
1850.0,  -3396972.009,  5857181.300,  0.000
1851.0,  -3403607.002,  5853328.222,  0.000
1852.0,  -3410237.625,  5849467.629,  0.000
1853.0,  -3416863.869,  5845599.524,  0.000
1854.0,  -3423485.725,  5841723.914,  0.000
1855.0,  -3430103.185,  5837840.802,  0.000
1856.0,  -3436716.241,  5833950.194,  0.000
1857.0,  -3443324.884,  5830052.095,  0.000
1858.0,  -3449929.106,  5826146.510,  0.000
1859.0,  -3456528.897,  5822233.443,  0.000
1860.0,  -3463124.251,  5818312.901,  0.000
1861.0,  -3469715.157,  5814384.887,  0.000
1862.0,  -3476301.608,  5810449.408,  0.000
1863.0,  -3482883.595,  5806506.467,  0.000
1864.0,  -3489461.110,  5802556.071,  0.000
1865.0,  -3496034.145,  5798598.224,  0.000
1866.0,  -3502602.690,  5794632.931,  0.000
1867.0,  -3509166.738,  5790660.197,  0.000
1868.0,  -3515726.279,  5786680.028,  0.000
1869.0,  -3522281.307,  5782692.428,  0.000
1870.0,  -3528831.811,  5778697.403,  0.000
1871.0,  -3535377.784,  5774694.958,  0.000
1872.0,  -3541919.218,  5770685.098,  0.000
1873.0,  -3548456.103,  5766667.828,  0.000
1874.0,  -3554988.432,  5762643.153,  0.000
1875.0,  -3561516.197,  5758611.078,  0.000
1876.0,  -3568039.388,  5754571.609,  0.000
1877.0,  -3574557.997,  5750524.751,  0.000
1878.0,  -3581072.017,  5746470.509,  0.000
1879.0,  -3587581.438,  5742408.888,  0.000
1880.0,  -3594086.253,  5738339.894,  0.000
1881.0,  -3600586.452,  5734263.531,  0.000
1882.0,  -3607082.028,  5730179.805,  0.000
1883.0,  -3613572.973,  5726088.721,  0.000
1884.0,  -3620059.277,  5721990.284,  0.000
1885.0,  -3626540.933,  5717884.500,  0.000
1886.0,  -3633017.933,  5713771.374,  0.000
1887.0,  -3639490.267,  5709650.911,  0.000
1888.0,  -3645957.928,  5705523.116,  0.000
1889.0,  -3652420.907,  5701387.996,  0.000
1890.0,  -3658879.197,  5697245.554,  0.000
1891.0,  -3665332.788,  5693095.797,  0.000
1892.0,  -3671781.673,  5688938.729,  0.000
1893.0,  -3678225.843,  5684774.357,  0.000
1894.0,  -3684665.289,  5680602.685,  0.000
1895.0,  -3691100.005,  5676423.718,  0.000
1896.0,  -3697529.981,  5672237.463,  0.000
1897.0,  -3703955.209,  5668043.925,  0.000
1898.0,  -3710375.681,  5663843.108,  0.000
1899.0,  -3716791.388,  5659635.018,  0.000
1900.0,  -3723202.323,  5655419.661,  0.000
1901.0,  -3729608.478,  5651197.043,  0.000
1902.0,  -3736009.843,  5646967.167,  0.000
1903.0,  -3742406.411,  5642730.041,  0.000
1904.0,  -3748798.173,  5638485.669,  0.000
1905.0,  -3755185.122,  5634234.057,  0.000
1906.0,  -3761567.249,  5629975.211,  0.000
1907.0,  -3767944.546,  5625709.135,  0.000
1908.0,  -3774317.004,  5621435.835,  0.000
1909.0,  -3780684.616,  5617155.317,  0.000
1910.0,  -3787047.374,  5612867.586,  0.000
1911.0,  -3793405.268,  5608572.648,  0.000
1912.0,  -3799758.292,  5604270.509,  0.000
1913.0,  -3806106.437,  5599961.173,  0.000
1914.0,  -3812449.694,  5595644.646,  0.000
1915.0,  -3818788.056,  5591320.934,  0.000
1916.0,  -3825121.514,  5586990.043,  0.000
1917.0,  -3831450.061,  5582651.978,  0.000
1918.0,  -3837773.688,  5578306.744,  0.000
1919.0,  -3844092.386,  5573954.347,  0.000
1920.0,  -3850406.149,  5569594.793,  0.000
1921.0,  -3856714.968,  5565228.087,  0.000
1922.0,  -3863018.834,  5560854.236,  0.000
1923.0,  -3869317.741,  5556473.243,  0.000
1924.0,  -3875611.678,  5552085.116,  0.000
1925.0,  -3881900.639,  5547689.860,  0.000
1926.0,  -3888184.616,  5543287.480,  0.000
1927.0,  -3894463.600,  5538877.982,  0.000
1928.0,  -3900737.583,  5534461.372,  0.000
1929.0,  -3907006.557,  5530037.655,  0.000
1930.0,  -3913270.515,  5525606.838,  0.000
1931.0,  -3919529.447,  5521168.925,  0.000
1932.0,  -3925783.347,  5516723.923,  0.000
1933.0,  -3932032.206,  5512271.837,  0.000
1934.0,  -3938276.016,  5507812.673,  0.000
1935.0,  -3944514.769,  5503346.436,  0.000
1936.0,  -3950748.457,  5498873.133,  0.000
1937.0,  -3956977.072,  5494392.769,  0.000
1938.0,  -3963200.605,  5489905.350,  0.000
1939.0,  -3969419.050,  5485410.881,  0.000
1940.0,  -3975632.398,  5480909.369,  0.000
1941.0,  -3981840.641,  5476400.819,  0.000
1942.0,  -3988043.771,  5471885.237,  0.000
1943.0,  -3994241.781,  5467362.629,  0.000
1944.0,  -4000434.661,  5462833.000,  0.000
1945.0,  -4006622.404,  5458296.357,  0.000
1946.0,  -4012805.003,  5453752.705,  0.000
1947.0,  -4018982.449,  5449202.050,  0.000
1948.0,  -4025154.735,  5444644.398,  0.000
1949.0,  -4031321.852,  5440079.755,  0.000
1950.0,  -4037483.792,  5435508.126,  0.000
1951.0,  -4043640.548,  5430929.518,  0.000
1952.0,  -4049792.112,  5426343.936,  0.000
1953.0,  -4055938.476,  5421751.386,  0.000
1954.0,  -4062079.631,  5417151.875,  0.000
1955.0,  -4068215.571,  5412545.408,  0.000
1956.0,  -4074346.287,  5407931.990,  0.000
1957.0,  -4080471.771,  5403311.629,  0.000
1958.0,  -4086592.016,  5398684.329,  0.000
1959.0,  -4092707.013,  5394050.097,  0.000
1960.0,  -4098816.755,  5389408.939,  0.000
1961.0,  -4104921.233,  5384760.860,  0.000
1962.0,  -4111020.441,  5380105.867,  0.000
1963.0,  -4117114.370,  5375443.966,  0.000
1964.0,  -4123203.012,  5370775.163,  0.000
1965.0,  -4129286.360,  5366099.463,  0.000
1966.0,  -4135364.406,  5361416.872,  0.000
1967.0,  -4141437.141,  5356727.397,  0.000
1968.0,  -4147504.559,  5352031.044,  0.000
1969.0,  -4153566.651,  5347327.819,  0.000
1970.0,  -4159623.410,  5342617.727,  0.000
1971.0,  -4165674.827,  5337900.775,  0.000
1972.0,  -4171720.896,  5333176.969,  0.000
1973.0,  -4177761.608,  5328446.314,  0.000
1974.0,  -4183796.955,  5323708.818,  0.000
1975.0,  -4189826.930,  5318964.486,  0.000
1976.0,  -4195851.525,  5314213.323,  0.000
1977.0,  -4201870.732,  5309455.337,  0.000
1978.0,  -4207884.544,  5304690.534,  0.000
1979.0,  -4213892.953,  5299918.919,  0.000
1980.0,  -4219895.951,  5295140.498,  0.000
1981.0,  -4225893.530,  5290355.278,  0.000
1982.0,  -4231885.683,  5285563.265,  0.000
1983.0,  -4237872.402,  5280764.465,  0.000
1984.0,  -4243853.679,  5275958.885,  0.000
1985.0,  -4249829.507,  5271146.529,  0.000
1986.0,  -4255799.878,  5266327.405,  0.000
1987.0,  -4261764.784,  5261501.519,  0.000
1988.0,  -4267724.218,  5256668.877,  0.000
1989.0,  -4273678.172,  5251829.485,  0.000
1990.0,  -4279626.638,  5246983.349,  0.000
1991.0,  -4285569.609,  5242130.476,  0.000
1992.0,  -4291507.076,  5237270.872,  0.000
1993.0,  -4297439.034,  5232404.542,  0.000
1994.0,  -4303365.473,  5227531.494,  0.000
1995.0,  -4309286.386,  5222651.734,  0.000
1996.0,  -4315201.766,  5217765.267,  0.000
1997.0,  -4321111.605,  5212872.100,  0.000
1998.0,  -4327015.896,  5207972.240,  0.000
1999.0,  -4332914.630,  5203065.693,  0.000
2000.0,  -4338807.801,  5198152.464,  0.000
2001.0,  -4344695.400,  5193232.561,  0.000
2002.0,  -4350577.421,  5188305.989,  0.000
2003.0,  -4356453.855,  5183372.755,  0.000
2004.0,  -4362324.695,  5178432.865,  0.000
2005.0,  -4368189.934,  5173486.326,  0.000
2006.0,  -4374049.564,  5168533.144,  0.000
2007.0,  -4379903.577,  5163573.325,  0.000
2008.0,  -4385751.966,  5158606.876,  0.000
2009.0,  -4391594.723,  5153633.803,  0.000
2010.0,  -4397431.842,  5148654.112,  0.000
2011.0,  -4403263.314,  5143667.810,  0.000
2012.0,  -4409089.132,  5138674.904,  0.000
2013.0,  -4414909.288,  5133675.399,  0.000
2014.0,  -4420723.775,  5128669.302,  0.000
2015.0,  -4426532.586,  5123656.619,  0.000
2016.0,  -4432335.713,  5118637.358,  0.000
2017.0,  -4438133.148,  5113611.524,  0.000
2018.0,  -4443924.885,  5108579.123,  0.000
2019.0,  -4449710.916,  5103540.163,  0.000
2020.0,  -4455491.232,  5098494.650,  0.000
2021.0,  -4461265.828,  5093442.590,  0.000
2022.0,  -4467034.695,  5088383.990,  0.000
2023.0,  -4472797.826,  5083318.856,  0.000
2024.0,  -4478555.214,  5078247.194,  0.000
2025.0,  -4484306.851,  5073169.012,  0.000
2026.0,  -4490052.730,  5068084.316,  0.000
2027.0,  -4495792.844,  5062993.111,  0.000
2028.0,  -4501527.185,  5057895.406,  0.000
2029.0,  -4507255.745,  5052791.206,  0.000
2030.0,  -4512978.518,  5047680.518,  0.000
2031.0,  -4518695.496,  5042563.349,  0.000
2032.0,  -4524406.672,  5037439.704,  0.000
2033.0,  -4530112.038,  5032309.591,  0.000
2034.0,  -4535811.587,  5027173.017,  0.000
2035.0,  -4541505.312,  5022029.987,  0.000
2036.0,  -4547193.205,  5016880.509,  0.000
2037.0,  -4552875.259,  5011724.588,  0.000
2038.0,  -4558551.468,  5006562.232,  0.000
2039.0,  -4564221.823,  5001393.448,  0.000
2040.0,  -4569886.317,  4996218.242,  0.000
2041.0,  -4575544.943,  4991036.620,  0.000
2042.0,  -4581197.694,  4985848.589,  0.000
2043.0,  -4586844.562,  4980654.156,  0.000
2044.0,  -4592485.541,  4975453.328,  0.000
2045.0,  -4598120.622,  4970246.111,  0.000
2046.0,  -4603749.800,  4965032.512,  0.000
2047.0,  -4609373.065,  4959812.537,  0.000
2048.0,  -4614990.413,  4954586.194,  0.000
2049.0,  -4620601.834,  4949353.489,  0.000
2050.0,  -4626207.322,  4944114.428,  0.000
2051.0,  -4631806.870,  4938869.019,  0.000
2052.0,  -4637400.470,  4933617.268,  0.000
2053.0,  -4642988.115,  4928359.183,  0.000
2054.0,  -4648569.799,  4923094.768,  0.000
2055.0,  -4654145.514,  4917824.033,  0.000
2056.0,  -4659715.252,  4912546.982,  0.000
2057.0,  -4665279.007,  4907263.624,  0.000
2058.0,  -4670836.772,  4901973.964,  0.000
2059.0,  -4676388.539,  4896678.010,  0.000
2060.0,  -4681934.301,  4891375.769,  0.000
2061.0,  -4687474.052,  4886067.246,  0.000
2062.0,  -4693007.783,  4880752.450,  0.000
2063.0,  -4698535.488,  4875431.386,  0.000
2064.0,  -4704057.160,  4870104.062,  0.000
2065.0,  -4709572.792,  4864770.484,  0.000
2066.0,  -4715082.377,  4859430.660,  0.000
2067.0,  -4720585.907,  4854084.596,  0.000
2068.0,  -4726083.375,  4848732.299,  0.000
2069.0,  -4731574.775,  4843373.777,  0.000
2070.0,  -4737060.100,  4838009.035,  0.000
2071.0,  -4742539.341,  4832638.080,  0.000
2072.0,  -4748012.493,  4827260.920,  0.000
2073.0,  -4753479.548,  4821877.562,  0.000
2074.0,  -4758940.500,  4816488.012,  0.000
2075.0,  -4764395.341,  4811092.278,  0.000
2076.0,  -4769844.064,  4805690.366,  0.000
2077.0,  -4775286.662,  4800282.283,  0.000
2078.0,  -4780723.129,  4794868.036,  0.000
2079.0,  -4786153.456,  4789447.632,  0.000
2080.0,  -4791577.638,  4784021.079,  0.000
2081.0,  -4796995.668,  4778588.382,  0.000
2082.0,  -4802407.538,  4773149.550,  0.000
2083.0,  -4807813.241,  4767704.588,  0.000
2084.0,  -4813212.771,  4762253.505,  0.000
2085.0,  -4818606.120,  4756796.306,  0.000
2086.0,  -4823993.282,  4751332.999,  0.000
2087.0,  -4829374.249,  4745863.592,  0.000
2088.0,  -4834749.016,  4740388.090,  0.000
2089.0,  -4840117.574,  4734906.502,  0.000
2090.0,  -4845479.918,  4729418.834,  0.000
2091.0,  -4850836.039,  4723925.093,  0.000
2092.0,  -4856185.932,  4718425.286,  0.000
2093.0,  -4861529.589,  4712919.420,  0.000
2094.0,  -4866867.004,  4707407.503,  0.000
2095.0,  -4872198.169,  4701889.541,  0.000
2096.0,  -4877523.078,  4696365.541,  0.000
2097.0,  -4882841.724,  4690835.511,  0.000
2098.0,  -4888154.100,  4685299.458,  0.000
2099.0,  -4893460.200,  4679757.389,  0.000
2100.0,  -4898760.016,  4674209.311,  0.000
2101.0,  -4904053.542,  4668655.230,  0.000
2102.0,  -4909340.770,  4663095.155,  0.000
2103.0,  -4914621.695,  4657529.092,  0.000
2104.0,  -4919896.310,  4651957.049,  0.000
2105.0,  -4925164.606,  4646379.032,  0.000
2106.0,  -4930426.579,  4640795.049,  0.000
2107.0,  -4935682.220,  4635205.107,  0.000
2108.0,  -4940931.524,  4629609.213,  0.000
2109.0,  -4946174.484,  4624007.375,  0.000
2110.0,  -4951411.092,  4618399.598,  0.000
2111.0,  -4956641.343,  4612785.892,  0.000
2112.0,  -4961865.228,  4607166.263,  0.000
2113.0,  -4967082.743,  4601540.717,  0.000
2114.0,  -4972293.879,  4595909.263,  0.000
2115.0,  -4977498.631,  4590271.908,  0.000
2116.0,  -4982696.991,  4584628.659,  0.000
2117.0,  -4987888.954,  4578979.522,  0.000
2118.0,  -4993074.511,  4573324.506,  0.000
2119.0,  -4998253.658,  4567663.617,  0.000
2120.0,  -5003426.386,  4561996.864,  0.000
2121.0,  -5008592.689,  4556324.252,  0.000
2122.0,  -5013752.561,  4550645.790,  0.000
2123.0,  -5018905.995,  4544961.485,  0.000
2124.0,  -5024052.985,  4539271.343,  0.000
2125.0,  -5029193.524,  4533575.373,  0.000
2126.0,  -5034327.604,  4527873.582,  0.000
2127.0,  -5039455.221,  4522165.976,  0.000
2128.0,  -5044576.366,  4516452.564,  0.000
2129.0,  -5049691.034,  4510733.353,  0.000
2130.0,  -5054799.218,  4505008.349,  0.000
2131.0,  -5059900.911,  4499277.561,  0.000
2132.0,  -5064996.107,  4493540.995,  0.000
2133.0,  -5070084.799,  4487798.659,  0.000
2134.0,  -5075166.981,  4482050.561,  0.000
2135.0,  -5080242.646,  4476296.708,  0.000
2136.0,  -5085311.788,  4470537.107,  0.000
2137.0,  -5090374.400,  4464771.765,  0.000
2138.0,  -5095430.475,  4459000.690,  0.000
2139.0,  -5100480.008,  4453223.890,  0.000
2140.0,  -5105522.991,  4447441.372,  0.000
2141.0,  -5110559.419,  4441653.143,  0.000
2142.0,  -5115589.285,  4435859.210,  0.000
2143.0,  -5120612.581,  4430059.582,  0.000
2144.0,  -5125629.303,  4424254.265,  0.000
2145.0,  -5130639.443,  4418443.267,  0.000
2146.0,  -5135642.995,  4412626.595,  0.000
2147.0,  -5140639.953,  4406804.258,  0.000
2148.0,  -5145630.309,  4400976.262,  0.000
2149.0,  -5150614.059,  4395142.615,  0.000
2150.0,  -5155591.194,  4389303.324,  0.000
2151.0,  -5160561.710,  4383458.397,  0.000
2152.0,  -5165525.599,  4377607.842,  0.000
2153.0,  -5170482.855,  4371751.665,  0.000
2154.0,  -5175433.473,  4365889.875,  0.000
2155.0,  -5180377.444,  4360022.479,  0.000
2156.0,  -5185314.764,  4354149.484,  0.000
2157.0,  -5190245.425,  4348270.898,  0.000
2158.0,  -5195169.422,  4342386.729,  0.000
2159.0,  -5200086.748,  4336496.984,  0.000
2160.0,  -5204997.397,  4330601.671,  0.000
2161.0,  -5209901.363,  4324700.797,  0.000
2162.0,  -5214798.638,  4318794.370,  0.000
2163.0,  -5219689.217,  4312882.397,  0.000
2164.0,  -5224573.094,  4306964.886,  0.000
2165.0,  -5229450.263,  4301041.845,  0.000
2166.0,  -5234320.716,  4295113.281,  0.000
2167.0,  -5239184.449,  4289179.202,  0.000
2168.0,  -5244041.454,  4283239.615,  0.000
2169.0,  -5248891.725,  4277294.529,  0.000
2170.0,  -5253735.256,  4271343.950,  0.000
2171.0,  -5258572.042,  4265387.887,  0.000
2172.0,  -5263402.075,  4259426.346,  0.000
2173.0,  -5268225.349,  4253459.336,  0.000
2174.0,  -5273041.859,  4247486.865,  0.000
2175.0,  -5277851.598,  4241508.939,  0.000
2176.0,  -5282654.560,  4235525.567,  0.000
2177.0,  -5287450.738,  4229536.757,  0.000
2178.0,  -5292240.128,  4223542.516,  0.000
2179.0,  -5297022.721,  4217542.851,  0.000
2180.0,  -5301798.514,  4211537.771,  0.000
2181.0,  -5306567.498,  4205527.282,  0.000
2182.0,  -5311329.668,  4199511.394,  0.000
2183.0,  -5316085.018,  4193490.114,  0.000
2184.0,  -5320833.543,  4187463.448,  0.000
2185.0,  -5325575.235,  4181431.406,  0.000
2186.0,  -5330310.088,  4175393.995,  0.000
2187.0,  -5335038.097,  4169351.222,  0.000
2188.0,  -5339759.256,  4163303.095,  0.000
2189.0,  -5344473.558,  4157249.623,  0.000
2190.0,  -5349180.998,  4151190.812,  0.000
2191.0,  -5353881.568,  4145126.671,  0.000
2192.0,  -5358575.265,  4139057.207,  0.000
2193.0,  -5363262.080,  4132982.429,  0.000
2194.0,  -5367942.009,  4126902.344,  0.000
2195.0,  -5372615.045,  4120816.959,  0.000
2196.0,  -5377281.182,  4114726.283,  0.000
2197.0,  -5381940.415,  4108630.324,  0.000
2198.0,  -5386592.737,  4102529.089,  0.000
2199.0,  -5391238.142,  4096422.586,  0.000
2200.0,  -5395876.624,  4090310.823,  0.000
2201.0,  -5400508.178,  4084193.808,  0.000
2202.0,  -5405132.797,  4078071.548,  0.000
2203.0,  -5409750.476,  4071944.052,  0.000
2204.0,  -5414361.209,  4065811.328,  0.000
2205.0,  -5418964.989,  4059673.382,  0.000
2206.0,  -5423561.811,  4053530.224,  0.000
2207.0,  -5428151.669,  4047381.861,  0.000
2208.0,  -5432734.556,  4041228.301,  0.000
2209.0,  -5437310.468,  4035069.552,  0.000
2210.0,  -5441879.398,  4028905.621,  0.000
2211.0,  -5446441.340,  4022736.517,  0.000
2212.0,  -5450996.289,  4016562.248,  0.000
2213.0,  -5455544.238,  4010382.821,  0.000
2214.0,  -5460085.182,  4004198.245,  0.000
2215.0,  -5464619.115,  3998008.527,  0.000
2216.0,  -5469146.032,  3991813.675,  0.000
2217.0,  -5473665.925,  3985613.698,  0.000
2218.0,  -5478178.790,  3979408.602,  0.000
2219.0,  -5482684.621,  3973198.398,  0.000
2220.0,  -5487183.412,  3966983.091,  0.000
2221.0,  -5491675.156,  3960762.690,  0.000
2222.0,  -5496159.850,  3954537.204,  0.000
2223.0,  -5500637.485,  3948306.640,  0.000
2224.0,  -5505108.058,  3942071.006,  0.000
2225.0,  -5509571.562,  3935830.310,  0.000
2226.0,  -5514027.991,  3929584.560,  0.000
2227.0,  -5518477.340,  3923333.765,  0.000
2228.0,  -5522919.603,  3917077.931,  0.000
2229.0,  -5527354.774,  3910817.068,  0.000
2230.0,  -5531782.848,  3904551.184,  0.000
2231.0,  -5536203.819,  3898280.285,  0.000
2232.0,  -5540617.681,  3892004.381,  0.000
2233.0,  -5545024.428,  3885723.480,  0.000
2234.0,  -5549424.055,  3879437.589,  0.000
2235.0,  -5553816.557,  3873146.716,  0.000
2236.0,  -5558201.927,  3866850.871,  0.000
2237.0,  -5562580.160,  3860550.060,  0.000
2238.0,  -5566951.251,  3854244.291,  0.000
2239.0,  -5571315.193,  3847933.574,  0.000
2240.0,  -5575671.981,  3841617.916,  0.000
2241.0,  -5580021.610,  3835297.325,  0.000
2242.0,  -5584364.074,  3828971.809,  0.000
2243.0,  -5588699.367,  3822641.377,  0.000
2244.0,  -5593027.484,  3816306.036,  0.000
2245.0,  -5597348.419,  3809965.795,  0.000
2246.0,  -5601662.167,  3803620.662,  0.000
2247.0,  -5605968.722,  3797270.644,  0.000
2248.0,  -5610268.079,  3790915.751,  0.000
2249.0,  -5614560.232,  3784555.990,  0.000
2250.0,  -5618845.175,  3778191.369,  0.000
2251.0,  -5623122.903,  3771821.897,  0.000
2252.0,  -5627393.412,  3765447.582,  0.000
2253.0,  -5631656.694,  3759068.431,  0.000
2254.0,  -5635912.745,  3752684.454,  0.000
2255.0,  -5640161.559,  3746295.658,  0.000
2256.0,  -5644403.131,  3739902.052,  0.000
2257.0,  -5648637.455,  3733503.643,  0.000
2258.0,  -5652864.526,  3727100.441,  0.000
2259.0,  -5657084.338,  3720692.453,  0.000
2260.0,  -5661296.886,  3714279.687,  0.000
2261.0,  -5665502.165,  3707862.151,  0.000
2262.0,  -5669700.169,  3701439.855,  0.000
2263.0,  -5673890.893,  3695012.806,  0.000
2264.0,  -5678074.331,  3688581.012,  0.000
2265.0,  -5682250.479,  3682144.482,  0.000
2266.0,  -5686419.330,  3675703.224,  0.000
2267.0,  -5690580.879,  3669257.246,  0.000
2268.0,  -5694735.122,  3662806.556,  0.000
2269.0,  -5698882.052,  3656351.164,  0.000
2270.0,  -5703021.664,  3649891.076,  0.000
2271.0,  -5707153.953,  3643426.301,  0.000
2272.0,  -5711278.914,  3636956.849,  0.000
2273.0,  -5715396.542,  3630482.726,  0.000
2274.0,  -5719506.830,  3624003.941,  0.000
2275.0,  -5723609.775,  3617520.504,  0.000
2276.0,  -5727705.370,  3611032.420,  0.000
2277.0,  -5731793.610,  3604539.701,  0.000
2278.0,  -5735874.491,  3598042.353,  0.000
2279.0,  -5739948.006,  3591540.384,  0.000
2280.0,  -5744014.151,  3585033.804,  0.000
2281.0,  -5748072.920,  3578522.621,  0.000
2282.0,  -5752124.308,  3572006.842,  0.000
2283.0,  -5756168.311,  3565486.477,  0.000
2284.0,  -5760204.922,  3558961.534,  0.000
2285.0,  -5764234.136,  3552432.021,  0.000
2286.0,  -5768255.950,  3545897.946,  0.000
2287.0,  -5772270.356,  3539359.318,  0.000
2288.0,  -5776277.350,  3532816.146,  0.000
2289.0,  -5780276.928,  3526268.437,  0.000
2290.0,  -5784269.083,  3519716.200,  0.000
2291.0,  -5788253.811,  3513159.444,  0.000
2292.0,  -5792231.106,  3506598.176,  0.000
2293.0,  -5796200.964,  3500032.406,  0.000
2294.0,  -5800163.380,  3493462.142,  0.000
2295.0,  -5804118.347,  3486887.392,  0.000
2296.0,  -5808065.862,  3480308.164,  0.000
2297.0,  -5812005.919,  3473724.468,  0.000
2298.0,  -5815938.513,  3467136.311,  0.000
2299.0,  -5819863.639,  3460543.702,  0.000
2300.0,  -5823781.292,  3453946.650,  0.000
2301.0,  -5827691.467,  3447345.163,  0.000
2302.0,  -5831594.159,  3440739.249,  0.000
2303.0,  -5835489.363,  3434128.917,  0.000
2304.0,  -5839377.073,  3427514.175,  0.000
2305.0,  -5843257.286,  3420895.032,  0.000
2306.0,  -5847129.996,  3414271.497,  0.000
2307.0,  -5850995.197,  3407643.577,  0.000
2308.0,  -5854852.886,  3401011.282,  0.000
2309.0,  -5858703.057,  3394374.620,  0.000
2310.0,  -5862545.704,  3387733.600,  0.000
2311.0,  -5866380.824,  3381088.229,  0.000
2312.0,  -5870208.412,  3374438.517,  0.000
2313.0,  -5874028.461,  3367784.471,  0.000
2314.0,  -5877840.968,  3361126.102,  0.000
2315.0,  -5881645.928,  3354463.416,  0.000
2316.0,  -5885443.335,  3347796.424,  0.000
2317.0,  -5889233.185,  3341125.132,  0.000
2318.0,  -5893015.473,  3334449.550,  0.000
2319.0,  -5896790.194,  3327769.687,  0.000
2320.0,  -5900557.343,  3321085.551,  0.000
2321.0,  -5904316.915,  3314397.150,  0.000
2322.0,  -5908068.906,  3307704.493,  0.000
2323.0,  -5911813.311,  3301007.590,  0.000
2324.0,  -5915550.125,  3294306.447,  0.000
2325.0,  -5919279.343,  3287601.074,  0.000
2326.0,  -5923000.960,  3280891.480,  0.000
2327.0,  -5926714.972,  3274177.673,  0.000
2328.0,  -5930421.373,  3267459.662,  0.000
2329.0,  -5934120.160,  3260737.455,  0.000
2330.0,  -5937811.327,  3254011.062,  0.000
2331.0,  -5941494.869,  3247280.490,  0.000
2332.0,  -5945170.782,  3240545.748,  0.000
2333.0,  -5948839.061,  3233806.845,  0.000
2334.0,  -5952499.702,  3227063.790,  0.000
2335.0,  -5956152.699,  3220316.591,  0.000
2336.0,  -5959798.048,  3213565.257,  0.000
2337.0,  -5963435.745,  3206809.797,  0.000
2338.0,  -5967065.784,  3200050.219,  0.000
2339.0,  -5970688.161,  3193286.532,  0.000
2340.0,  -5974302.872,  3186518.745,  0.000
2341.0,  -5977909.911,  3179746.866,  0.000
2342.0,  -5981509.274,  3172970.904,  0.000
2343.0,  -5985100.957,  3166190.867,  0.000
2344.0,  -5988684.955,  3159406.766,  0.000
2345.0,  -5992261.262,  3152618.607,  0.000
2346.0,  -5995829.876,  3145826.400,  0.000
2347.0,  -5999390.790,  3139030.154,  0.000
2348.0,  -6002944.001,  3132229.877,  0.000
2349.0,  -6006489.504,  3125425.578,  0.000
2350.0,  -6010027.294,  3118617.266,  0.000
2351.0,  -6013557.367,  3111804.950,  0.000
2352.0,  -6017079.718,  3104988.638,  0.000
2353.0,  -6020594.343,  3098168.339,  0.000
2354.0,  -6024101.237,  3091344.061,  0.000
2355.0,  -6027600.396,  3084515.814,  0.000
2356.0,  -6031091.815,  3077683.607,  0.000
2357.0,  -6034575.490,  3070847.447,  0.000
2358.0,  -6038051.416,  3064007.345,  0.000
2359.0,  -6041519.589,  3057163.308,  0.000
2360.0,  -6044980.005,  3050315.346,  0.000
2361.0,  -6048432.658,  3043463.466,  0.000
2362.0,  -6051877.545,  3036607.679,  0.000
2363.0,  -6055314.661,  3029747.993,  0.000
2364.0,  -6058744.002,  3022884.416,  0.000
2365.0,  -6062165.563,  3016016.958,  0.000
2366.0,  -6065579.339,  3009145.627,  0.000
2367.0,  -6068985.328,  3002270.432,  0.000
2368.0,  -6072383.523,  2995391.382,  0.000
2369.0,  -6075773.921,  2988508.486,  0.000
2370.0,  -6079156.517,  2981621.753,  0.000
2371.0,  -6082531.308,  2974731.191,  0.000
2372.0,  -6085898.288,  2967836.809,  0.000
2373.0,  -6089257.454,  2960938.616,  0.000
2374.0,  -6092608.800,  2954036.621,  0.000
2375.0,  -6095952.324,  2947130.834,  0.000
2376.0,  -6099288.020,  2940221.261,  0.000
2377.0,  -6102615.884,  2933307.914,  0.000
2378.0,  -6105935.912,  2926390.800,  0.000
2379.0,  -6109248.100,  2919469.928,  0.000
2380.0,  -6112552.443,  2912545.308,  0.000
2381.0,  -6115848.937,  2905616.948,  0.000
2382.0,  -6119137.578,  2898684.857,  0.000
2383.0,  -6122418.362,  2891749.043,  0.000
2384.0,  -6125691.285,  2884809.517,  0.000
2385.0,  -6128956.342,  2877866.286,  0.000
2386.0,  -6132213.528,  2870919.360,  0.000
2387.0,  -6135462.841,  2863968.748,  0.000
2388.0,  -6138704.276,  2857014.458,  0.000
2389.0,  -6141937.828,  2850056.500,  0.000
2390.0,  -6145163.493,  2843094.881,  0.000
2391.0,  -6148381.268,  2836129.613,  0.000
2392.0,  -6151591.148,  2829160.702,  0.000
2393.0,  -6154793.129,  2822188.159,  0.000
2394.0,  -6157987.207,  2815211.992,  0.000
2395.0,  -6161173.378,  2808232.210,  0.000
2396.0,  -6164351.638,  2801248.822,  0.000
2397.0,  -6167521.982,  2794261.837,  0.000
2398.0,  -6170684.407,  2787271.264,  0.000
2399.0,  -6173838.908,  2780277.113,  0.000
2400.0,  -6176985.482,  2773279.391,  0.000
2401.0,  -6180124.124,  2766278.108,  0.000
2402.0,  -6183254.831,  2759273.273,  0.000
2403.0,  -6186377.598,  2752264.895,  0.000
2404.0,  -6189492.421,  2745252.983,  0.000
2405.0,  -6192599.297,  2738237.546,  0.000
2406.0,  -6195698.221,  2731218.593,  0.000
2407.0,  -6198789.190,  2724196.133,  0.000
2408.0,  -6201872.199,  2717170.175,  0.000
2409.0,  -6204947.244,  2710140.728,  0.000
2410.0,  -6208014.322,  2703107.801,  0.000
2411.0,  -6211073.429,  2696071.403,  0.000
2412.0,  -6214124.560,  2689031.543,  0.000
2413.0,  -6217167.712,  2681988.230,  0.000
2414.0,  -6220202.881,  2674941.474,  0.000
2415.0,  -6223230.063,  2667891.282,  0.000
2416.0,  -6226249.254,  2660837.665,  0.000
2417.0,  -6229260.450,  2653780.632,  0.000
2418.0,  -6232263.647,  2646720.191,  0.000
2419.0,  -6235258.842,  2639656.351,  0.000
2420.0,  -6238246.030,  2632589.122,  0.000
2421.0,  -6241225.209,  2625518.512,  0.000
2422.0,  -6244196.373,  2618444.531,  0.000
2423.0,  -6247159.519,  2611367.188,  0.000
2424.0,  -6250114.644,  2604286.492,  0.000
2425.0,  -6253061.743,  2597202.452,  0.000
2426.0,  -6256000.813,  2590115.076,  0.000
2427.0,  -6258931.850,  2583024.375,  0.000
2428.0,  -6261854.850,  2575930.357,  0.000
2429.0,  -6264769.809,  2568833.032,  0.000
2430.0,  -6267676.725,  2561732.408,  0.000
2431.0,  -6270575.592,  2554628.495,  0.000
2432.0,  -6273466.407,  2547521.301,  0.000
2433.0,  -6276349.167,  2540410.837,  0.000
2434.0,  -6279223.868,  2533297.110,  0.000
2435.0,  -6282090.507,  2526180.130,  0.000
2436.0,  -6284949.078,  2519059.907,  0.000
2437.0,  -6287799.579,  2511936.449,  0.000
2438.0,  -6290642.007,  2504809.765,  0.000
2439.0,  -6293476.357,  2497679.866,  0.000
2440.0,  -6296302.626,  2490546.759,  0.000
2441.0,  -6299120.810,  2483410.454,  0.000
2442.0,  -6301930.906,  2476270.960,  0.000
2443.0,  -6304732.910,  2469128.287,  0.000
2444.0,  -6307526.818,  2461982.443,  0.000
2445.0,  -6310312.627,  2454833.438,  0.000
2446.0,  -6313090.333,  2447681.281,  0.000
2447.0,  -6315859.933,  2440525.981,  0.000
2448.0,  -6318621.423,  2433367.547,  0.000
2449.0,  -6321374.800,  2426205.988,  0.000
2450.0,  -6324120.059,  2419041.314,  0.000
2451.0,  -6326857.198,  2411873.534,  0.000
2452.0,  -6329586.213,  2404702.657,  0.000
2453.0,  -6332307.101,  2397528.692,  0.000
2454.0,  -6335019.858,  2390351.649,  0.000
2455.0,  -6337724.480,  2383171.536,  0.000
2456.0,  -6340420.964,  2375988.364,  0.000
2457.0,  -6343109.307,  2368802.140,  0.000
2458.0,  -6345789.505,  2361612.875,  0.000
2459.0,  -6348461.554,  2354420.577,  0.000
2460.0,  -6351125.452,  2347225.256,  0.000
2461.0,  -6353781.195,  2340026.921,  0.000
2462.0,  -6356428.779,  2332825.581,  0.000
2463.0,  -6359068.201,  2325621.246,  0.000
2464.0,  -6361699.458,  2318413.925,  0.000
2465.0,  -6364322.546,  2311203.627,  0.000
2466.0,  -6366937.462,  2303990.361,  0.000
2467.0,  -6369544.203,  2296774.137,  0.000
2468.0,  -6372142.764,  2289554.963,  0.000
2469.0,  -6374733.144,  2282332.850,  0.000
2470.0,  -6377315.338,  2275107.805,  0.000
2471.0,  -6379889.343,  2267879.840,  0.000
2472.0,  -6382455.156,  2260648.963,  0.000
2473.0,  -6385012.774,  2253415.182,  0.000
2474.0,  -6387562.193,  2246178.508,  0.000
2475.0,  -6390103.411,  2238938.950,  0.000
2476.0,  -6392636.422,  2231696.518,  0.000
2477.0,  -6395161.226,  2224451.219,  0.000
2478.0,  -6397677.818,  2217203.064,  0.000
2479.0,  -6400186.195,  2209952.062,  0.000
2480.0,  -6402686.353,  2202698.223,  0.000
2481.0,  -6405178.291,  2195441.555,  0.000
2482.0,  -6407662.004,  2188182.068,  0.000
2483.0,  -6410137.489,  2180919.771,  0.000
2484.0,  -6412604.743,  2173654.674,  0.000
2485.0,  -6415063.763,  2166386.786,  0.000
2486.0,  -6417514.545,  2159116.116,  0.000
2487.0,  -6419957.088,  2151842.674,  0.000
2488.0,  -6422391.387,  2144566.469,  0.000
2489.0,  -6424817.439,  2137287.510,  0.000
2490.0,  -6427235.241,  2130005.806,  0.000
2491.0,  -6429644.791,  2122721.368,  0.000
2492.0,  -6432046.084,  2115434.203,  0.000
2493.0,  -6434439.119,  2108144.323,  0.000
2494.0,  -6436823.891,  2100851.735,  0.000
2495.0,  -6439200.398,  2093556.450,  0.000
2496.0,  -6441568.637,  2086258.477,  0.000
2497.0,  -6443928.604,  2078957.825,  0.000
2498.0,  -6446280.298,  2071654.503,  0.000
2499.0,  -6448623.714,  2064348.521,  0.000
2500.0,  -6450958.849,  2057039.889,  0.000
2501.0,  -6453285.701,  2049728.615,  0.000
2502.0,  -6455604.267,  2042414.709,  0.000
2503.0,  -6457914.544,  2035098.181,  0.000
2504.0,  -6460216.528,  2027779.040,  0.000
2505.0,  -6462510.217,  2020457.294,  0.000
2506.0,  -6464795.608,  2013132.955,  0.000
2507.0,  -6467072.698,  2005806.030,  0.000
2508.0,  -6469341.483,  1998476.530,  0.000
2509.0,  -6471601.962,  1991144.464,  0.000
2510.0,  -6473854.131,  1983809.841,  0.000
2511.0,  -6476097.987,  1976472.670,  0.000
2512.0,  -6478333.528,  1969132.962,  0.000
2513.0,  -6480560.750,  1961790.726,  0.000
2514.0,  -6482779.651,  1954445.970,  0.000
2515.0,  -6484990.227,  1947098.705,  0.000
2516.0,  -6487192.477,  1939748.939,  0.000
2517.0,  -6489386.396,  1932396.683,  0.000
2518.0,  -6491571.983,  1925041.945,  0.000
2519.0,  -6493749.235,  1917684.736,  0.000
2520.0,  -6495918.148,  1910325.064,  0.000
2521.0,  -6498078.720,  1902962.940,  0.000
2522.0,  -6500230.948,  1895598.371,  0.000
2523.0,  -6502374.830,  1888231.369,  0.000
2524.0,  -6504510.362,  1880861.942,  0.000
2525.0,  -6506637.542,  1873490.100,  0.000
2526.0,  -6508756.367,  1866115.853,  0.000
2527.0,  -6510866.835,  1858739.209,  0.000
2528.0,  -6512968.943,  1851360.179,  0.000
2529.0,  -6515062.687,  1843978.771,  0.000
2530.0,  -6517148.066,  1836594.996,  0.000
2531.0,  -6519225.076,  1829208.862,  0.000
2532.0,  -6521293.716,  1821820.379,  0.000
2533.0,  -6523353.982,  1814429.557,  0.000
2534.0,  -6525405.871,  1807036.406,  0.000
2535.0,  -6527449.382,  1799640.934,  0.000
2536.0,  -6529484.511,  1792243.151,  0.000
2537.0,  -6531511.256,  1784843.067,  0.000
2538.0,  -6533529.614,  1777440.691,  0.000
2539.0,  -6535539.583,  1770036.033,  0.000
2540.0,  -6537541.160,  1762629.102,  0.000
2541.0,  -6539534.342,  1755219.907,  0.000
2542.0,  -6541519.127,  1747808.459,  0.000
2543.0,  -6543495.513,  1740394.767,  0.000
2544.0,  -6545463.496,  1732978.839,  0.000
2545.0,  -6547423.075,  1725560.687,  0.000
2546.0,  -6549374.247,  1718140.319,  0.000
2547.0,  -6551317.009,  1710717.745,  0.000
2548.0,  -6553251.358,  1703292.974,  0.000
2549.0,  -6555177.293,  1695866.016,  0.000
2550.0,  -6557094.811,  1688436.880,  0.000
2551.0,  -6559003.909,  1681005.576,  0.000
2552.0,  -6560904.585,  1673572.114,  0.000
2553.0,  -6562796.837,  1666136.503,  0.000
2554.0,  -6564680.662,  1658698.753,  0.000
2555.0,  -6566556.057,  1651258.872,  0.000
2556.0,  -6568423.020,  1643816.872,  0.000
2557.0,  -6570281.550,  1636372.760,  0.000
2558.0,  -6572131.643,  1628926.548,  0.000
2559.0,  -6573973.296,  1621478.244,  0.000
2560.0,  -6575806.509,  1614027.858,  0.000
2561.0,  -6577631.278,  1606575.399,  0.000
2562.0,  -6579447.601,  1599120.877,  0.000
2563.0,  -6581255.475,  1591664.302,  0.000
2564.0,  -6583054.899,  1584205.683,  0.000
2565.0,  -6584845.870,  1576745.031,  0.000
2566.0,  -6586628.386,  1569282.353,  0.000
2567.0,  -6588402.444,  1561817.660,  0.000
2568.0,  -6590168.043,  1554350.962,  0.000
2569.0,  -6591925.179,  1546882.268,  0.000
2570.0,  -6593673.851,  1539411.588,  0.000
2571.0,  -6595414.056,  1531938.931,  0.000
2572.0,  -6597145.793,  1524464.308,  0.000
2573.0,  -6598869.059,  1516987.726,  0.000
2574.0,  -6600583.851,  1509509.197,  0.000
2575.0,  -6602290.168,  1502028.729,  0.000
2576.0,  -6603988.007,  1494546.333,  0.000
2577.0,  -6605677.366,  1487062.018,  0.000
2578.0,  -6607358.243,  1479575.793,  0.000
2579.0,  -6609030.637,  1472087.668,  0.000
2580.0,  -6610694.543,  1464597.654,  0.000
2581.0,  -6612349.962,  1457105.758,  0.000
2582.0,  -6613996.890,  1449611.992,  0.000
2583.0,  -6615635.325,  1442116.364,  0.000
2584.0,  -6617265.265,  1434618.884,  0.000
2585.0,  -6618886.709,  1427119.563,  0.000
2586.0,  -6620499.653,  1419618.408,  0.000
2587.0,  -6622104.097,  1412115.431,  0.000
2588.0,  -6623700.037,  1404610.641,  0.000
2589.0,  -6625287.472,  1397104.047,  0.000
2590.0,  -6626866.401,  1389595.660,  0.000
2591.0,  -6628436.819,  1382085.487,  0.000
2592.0,  -6629998.727,  1374573.541,  0.000
2593.0,  -6631552.122,  1367059.829,  0.000
2594.0,  -6633097.001,  1359544.362,  0.000
2595.0,  -6634633.363,  1352027.149,  0.000
2596.0,  -6636161.206,  1344508.200,  0.000
2597.0,  -6637680.527,  1336987.525,  0.000
2598.0,  -6639191.326,  1329465.133,  0.000
2599.0,  -6640693.600,  1321941.033,  0.000
2600.0,  -6642187.346,  1314415.237,  0.000
2601.0,  -6643672.564,  1306887.752,  0.000
2602.0,  -6645149.251,  1299358.590,  0.000
2603.0,  -6646617.405,  1291827.759,  0.000
2604.0,  -6648077.025,  1284295.269,  0.000
2605.0,  -6649528.108,  1276761.131,  0.000
2606.0,  -6650970.653,  1269225.352,  0.000
2607.0,  -6652404.658,  1261687.944,  0.000
2608.0,  -6653830.121,  1254148.916,  0.000
2609.0,  -6655247.040,  1246608.278,  0.000
2610.0,  -6656655.413,  1239066.039,  0.000
2611.0,  -6658055.239,  1231522.209,  0.000
2612.0,  -6659446.516,  1223976.797,  0.000
2613.0,  -6660829.241,  1216429.814,  0.000
2614.0,  -6662203.414,  1208881.269,  0.000
2615.0,  -6663569.032,  1201331.172,  0.000
2616.0,  -6664926.094,  1193779.532,  0.000
2617.0,  -6666274.598,  1186226.359,  0.000
2618.0,  -6667614.542,  1178671.663,  0.000
2619.0,  -6668945.925,  1171115.454,  0.000
2620.0,  -6670268.744,  1163557.741,  0.000
2621.0,  -6671582.998,  1155998.534,  0.000
2622.0,  -6672888.686,  1148437.842,  0.000
2623.0,  -6674185.805,  1140875.676,  0.000
2624.0,  -6675474.355,  1133312.045,  0.000
2625.0,  -6676754.333,  1125746.958,  0.000
2626.0,  -6678025.737,  1118180.427,  0.000
2627.0,  -6679288.567,  1110612.459,  0.000
2628.0,  -6680542.820,  1103043.065,  0.000
2629.0,  -6681788.495,  1095472.255,  0.000
2630.0,  -6683025.590,  1087900.038,  0.000
2631.0,  -6684254.104,  1080326.425,  0.000
2632.0,  -6685474.036,  1072751.424,  0.000
2633.0,  -6686685.382,  1065175.045,  0.000
2634.0,  -6687888.143,  1057597.299,  0.000
2635.0,  -6689082.316,  1050018.195,  0.000
2636.0,  -6690267.900,  1042437.743,  0.000
2637.0,  -6691444.894,  1034855.952,  0.000
2638.0,  -6692613.295,  1027272.833,  0.000
2639.0,  -6693773.103,  1019688.394,  0.000
2640.0,  -6694924.315,  1012102.646,  0.000
2641.0,  -6696066.931,  1004515.598,  0.000
2642.0,  -6697200.949,  996927.261,  0.000
2643.0,  -6698326.368,  989337.643,  0.000
2644.0,  -6699443.185,  981746.755,  0.000
2645.0,  -6700551.400,  974154.607,  0.000
2646.0,  -6701651.011,  966561.207,  0.000
2647.0,  -6702742.017,  958966.567,  0.000
2648.0,  -6703824.417,  951370.695,  0.000
2649.0,  -6704898.208,  943773.601,  0.000
2650.0,  -6705963.390,  936175.296,  0.000
2651.0,  -6707019.962,  928575.789,  0.000
2652.0,  -6708067.921,  920975.089,  0.000
2653.0,  -6709107.266,  913373.207,  0.000
2654.0,  -6710137.997,  905770.152,  0.000
2655.0,  -6711160.112,  898165.933,  0.000
2656.0,  -6712173.609,  890560.562,  0.000
2657.0,  -6713178.488,  882954.047,  0.000
2658.0,  -6714174.747,  875346.398,  0.000
2659.0,  -6715162.384,  867737.626,  0.000
2660.0,  -6716141.399,  860127.739,  0.000
2661.0,  -6717111.789,  852516.747,  0.000
2662.0,  -6718073.555,  844904.661,  0.000
2663.0,  -6719026.695,  837291.490,  0.000
2664.0,  -6719971.207,  829677.244,  0.000
2665.0,  -6720907.090,  822061.933,  0.000
2666.0,  -6721834.343,  814445.566,  0.000
2667.0,  -6722752.965,  806828.153,  0.000
2668.0,  -6723662.955,  799209.704,  0.000
2669.0,  -6724564.311,  791590.229,  0.000
2670.0,  -6725457.033,  783969.738,  0.000
2671.0,  -6726341.119,  776348.240,  0.000
2672.0,  -6727216.568,  768725.745,  0.000
2673.0,  -6728083.379,  761102.263,  0.000
2674.0,  -6728941.551,  753477.804,  0.000
2675.0,  -6729791.082,  745852.377,  0.000
2676.0,  -6730631.972,  738225.992,  0.000
2677.0,  -6731464.220,  730598.660,  0.000
2678.0,  -6732287.824,  722970.389,  0.000
2679.0,  -6733102.784,  715341.191,  0.000
2680.0,  -6733909.098,  707711.073,  0.000
2681.0,  -6734706.766,  700080.047,  0.000
2682.0,  -6735495.785,  692448.122,  0.000
2683.0,  -6736276.157,  684815.308,  0.000
2684.0,  -6737047.878,  677181.614,  0.000
2685.0,  -6737810.949,  669547.051,  0.000
2686.0,  -6738565.368,  661911.628,  0.000
2687.0,  -6739311.134,  654275.356,  0.000
2688.0,  -6740048.247,  646638.243,  0.000
2689.0,  -6740776.706,  639000.300,  0.000
2690.0,  -6741496.509,  631361.536,  0.000
2691.0,  -6742207.655,  623721.962,  0.000
2692.0,  -6742910.144,  616081.587,  0.000
2693.0,  -6743603.975,  608440.420,  0.000
2694.0,  -6744289.147,  600798.473,  0.000
2695.0,  -6744965.659,  593155.754,  0.000
2696.0,  -6745633.511,  585512.273,  0.000
2697.0,  -6746292.700,  577868.040,  0.000
2698.0,  -6746943.227,  570223.066,  0.000
2699.0,  -6747585.091,  562577.359,  0.000
2700.0,  -6748218.290,  554930.930,  0.000
2701.0,  -6748842.824,  547283.789,  0.000
2702.0,  -6749458.693,  539635.944,  0.000
2703.0,  -6750065.895,  531987.407,  0.000
2704.0,  -6750664.430,  524338.187,  0.000
2705.0,  -6751254.296,  516688.293,  0.000
2706.0,  -6751835.494,  509037.736,  0.000
2707.0,  -6752408.021,  501386.525,  0.000
2708.0,  -6752971.879,  493734.671,  0.000
2709.0,  -6753527.065,  486082.182,  0.000
2710.0,  -6754073.580,  478429.070,  0.000
2711.0,  -6754611.422,  470775.343,  0.000
2712.0,  -6755140.591,  463121.011,  0.000
2713.0,  -6755661.086,  455466.085,  0.000
2714.0,  -6756172.906,  447810.574,  0.000
2715.0,  -6756676.051,  440154.488,  0.000
2716.0,  -6757170.520,  432497.837,  0.000
2717.0,  -6757656.313,  424840.631,  0.000
2718.0,  -6758133.429,  417182.878,  0.000
2719.0,  -6758601.867,  409524.591,  0.000
2720.0,  -6759061.626,  401865.777,  0.000
2721.0,  -6759512.707,  394206.448,  0.000
2722.0,  -6759955.108,  386546.612,  0.000
2723.0,  -6760388.829,  378886.280,  0.000
2724.0,  -6760813.870,  371225.461,  0.000
2725.0,  -6761230.229,  363564.166,  0.000
2726.0,  -6761637.906,  355902.404,  0.000
2727.0,  -6762036.902,  348240.185,  0.000
2728.0,  -6762427.214,  340577.519,  0.000
2729.0,  -6762808.844,  332914.415,  0.000
2730.0,  -6763181.789,  325250.884,  0.000
2731.0,  -6763546.050,  317586.935,  0.000
2732.0,  -6763901.627,  309922.579,  0.000
2733.0,  -6764248.519,  302257.825,  0.000
2734.0,  -6764586.725,  294592.682,  0.000
2735.0,  -6764916.245,  286927.161,  0.000
2736.0,  -6765237.078,  279261.272,  0.000
2737.0,  -6765549.225,  271595.024,  0.000
2738.0,  -6765852.684,  263928.428,  0.000
2739.0,  -6766147.456,  256261.492,  0.000
2740.0,  -6766433.539,  248594.228,  0.000
2741.0,  -6766710.935,  240926.644,  0.000
2742.0,  -6766979.641,  233258.751,  0.000
2743.0,  -6767239.659,  225590.558,  0.000
2744.0,  -6767490.987,  217922.076,  0.000
2745.0,  -6767733.625,  210253.314,  0.000
2746.0,  -6767967.573,  202584.282,  0.000
2747.0,  -6768192.831,  194914.990,  0.000
2748.0,  -6768409.398,  187245.448,  0.000
2749.0,  -6768617.274,  179575.665,  0.000
2750.0,  -6768816.460,  171905.651,  0.000
2751.0,  -6769006.953,  164235.417,  0.000
2752.0,  -6769188.755,  156564.972,  0.000
2753.0,  -6769361.865,  148894.326,  0.000
2754.0,  -6769526.283,  141223.489,  0.000
2755.0,  -6769682.009,  133552.470,  0.000
2756.0,  -6769829.041,  125881.280,  0.000
2757.0,  -6769967.382,  118209.928,  0.000
2758.0,  -6770097.029,  110538.425,  0.000
2759.0,  -6770217.983,  102866.779,  0.000
2760.0,  -6770330.244,  95195.002,  0.000
2761.0,  -6770433.812,  87523.102,  0.000
2762.0,  -6770528.686,  79851.090,  0.000
2763.0,  -6770614.866,  72178.975,  0.000
2764.0,  -6770692.353,  64506.767,  0.000
2765.0,  -6770761.145,  56834.477,  0.000
2766.0,  -6770821.244,  49162.114,  0.000
2767.0,  -6770872.649,  41489.688,  0.000
2768.0,  -6770915.360,  33817.208,  0.000
2769.0,  -6770949.376,  26144.685,  0.000
2770.0,  -6770974.699,  18472.128,  0.000
2771.0,  -6770991.327,  10799.548,  0.000
2772.0,  -6770999.261,  3126.954,  0.000
2773.0,  -6770998.500,  -4545.644,  0.000
2774.0,  -6770989.046,  -12218.237,  0.000
2775.0,  -6770970.897,  -19890.813,  0.000
2776.0,  -6770944.054,  -27563.364,  0.000
2777.0,  -6770908.517,  -35235.880,  0.000
2778.0,  -6770864.285,  -42908.351,  0.000
2779.0,  -6770811.360,  -50580.766,  0.000
2780.0,  -6770749.741,  -58253.116,  0.000
2781.0,  -6770679.427,  -65925.392,  0.000
2782.0,  -6770600.420,  -73597.583,  0.000
2783.0,  -6770512.719,  -81269.680,  0.000
2784.0,  -6770416.325,  -88941.672,  0.000
2785.0,  -6770311.237,  -96613.550,  0.000
2786.0,  -6770197.455,  -104285.304,  0.000
2787.0,  -6770074.981,  -111956.924,  0.000
2788.0,  -6769943.813,  -119628.400,  0.000
2789.0,  -6769803.952,  -127299.722,  0.000
2790.0,  -6769655.399,  -134970.881,  0.000
2791.0,  -6769498.153,  -142641.867,  0.000
2792.0,  -6769332.215,  -150312.670,  0.000
2793.0,  -6769157.585,  -157983.280,  0.000
2794.0,  -6768974.263,  -165653.687,  0.000
2795.0,  -6768782.249,  -173323.881,  0.000
2796.0,  -6768581.544,  -180993.852,  0.000
2797.0,  -6768372.148,  -188663.591,  0.000
2798.0,  -6768154.061,  -196333.088,  0.000
2799.0,  -6767927.283,  -204002.333,  0.000
2800.0,  -6767691.815,  -211671.316,  0.000
2801.0,  -6767447.657,  -219340.027,  0.000
2802.0,  -6767194.809,  -227008.456,  0.000
2803.0,  -6766933.272,  -234676.594,  0.000
2804.0,  -6766663.046,  -242344.431,  0.000
2805.0,  -6766384.131,  -250011.956,  0.000
2806.0,  -6766096.528,  -257679.161,  0.000
2807.0,  -6765800.237,  -265346.034,  0.000
2808.0,  -6765495.258,  -273012.567,  0.000
2809.0,  -6765181.593,  -280678.749,  0.000
2810.0,  -6764859.240,  -288344.571,  0.000
2811.0,  -6764528.201,  -296010.023,  0.000
2812.0,  -6764188.476,  -303675.094,  0.000
2813.0,  -6763840.066,  -311339.776,  0.000
2814.0,  -6763482.971,  -319004.058,  0.000
2815.0,  -6763117.191,  -326667.930,  0.000
2816.0,  -6762742.726,  -334331.383,  0.000
2817.0,  -6762359.579,  -341994.406,  0.000
2818.0,  -6761967.748,  -349656.990,  0.000
2819.0,  -6761567.234,  -357319.126,  0.000
2820.0,  -6761158.039,  -364980.802,  0.000
2821.0,  -6760740.161,  -372642.010,  0.000
2822.0,  -6760313.603,  -380302.739,  0.000
2823.0,  -6759878.364,  -387962.980,  0.000
2824.0,  -6759434.445,  -395622.723,  0.000
2825.0,  -6758981.847,  -403281.958,  0.000
2826.0,  -6758520.570,  -410940.675,  0.000
2827.0,  -6758050.615,  -418598.865,  0.000
2828.0,  -6757571.982,  -426256.517,  0.000
2829.0,  -6757084.672,  -433913.621,  0.000
2830.0,  -6756588.686,  -441570.169,  0.000
2831.0,  -6756084.024,  -449226.149,  0.000
2832.0,  -6755570.687,  -456881.553,  0.000
2833.0,  -6755048.676,  -464536.370,  0.000
2834.0,  -6754517.990,  -472190.590,  0.000
2835.0,  -6753978.632,  -479844.204,  0.000
2836.0,  -6753430.601,  -487497.202,  0.000
2837.0,  -6752873.899,  -495149.574,  0.000
2838.0,  -6752308.526,  -502801.310,  0.000
2839.0,  -6751734.482,  -510452.401,  0.000
2840.0,  -6751151.769,  -518102.836,  0.000
2841.0,  -6750560.387,  -525752.606,  0.000
2842.0,  -6749960.337,  -533401.701,  0.000
2843.0,  -6749351.620,  -541050.111,  0.000
2844.0,  -6748734.237,  -548697.826,  0.000
2845.0,  -6748108.188,  -556344.837,  0.000
2846.0,  -6747473.474,  -563991.133,  0.000
2847.0,  -6746830.096,  -571636.705,  0.000
2848.0,  -6746178.055,  -579281.543,  0.000
2849.0,  -6745517.351,  -586925.637,  0.000
2850.0,  -6744847.986,  -594568.978,  0.000
2851.0,  -6744169.960,  -602211.555,  0.000
2852.0,  -6743483.275,  -609853.359,  0.000
2853.0,  -6742787.930,  -617494.380,  0.000
2854.0,  -6742083.928,  -625134.608,  0.000
2855.0,  -6741371.268,  -632774.033,  0.000
2856.0,  -6740649.953,  -640412.646,  0.000
2857.0,  -6739919.982,  -648050.436,  0.000
2858.0,  -6739181.356,  -655687.395,  0.000
2859.0,  -6738434.078,  -663323.511,  0.000
2860.0,  -6737678.147,  -670958.776,  0.000
2861.0,  -6736913.564,  -678593.179,  0.000
2862.0,  -6736140.331,  -686226.711,  0.000
2863.0,  -6735358.449,  -693859.361,  0.000
2864.0,  -6734567.918,  -701491.121,  0.000
2865.0,  -6733768.739,  -709121.980,  0.000
2866.0,  -6732960.914,  -716751.928,  0.000
2867.0,  -6732144.444,  -724380.956,  0.000
2868.0,  -6731319.329,  -732009.054,  0.000
2869.0,  -6730485.572,  -739636.212,  0.000
2870.0,  -6729643.171,  -747262.420,  0.000
2871.0,  -6728792.130,  -754887.669,  0.000
2872.0,  -6727932.449,  -762511.949,  0.000
2873.0,  -6727064.129,  -770135.249,  0.000
2874.0,  -6726187.171,  -777757.560,  0.000
2875.0,  -6725301.576,  -785378.873,  0.000
2876.0,  -6724407.346,  -792999.178,  0.000
2877.0,  -6723504.481,  -800618.464,  0.000
2878.0,  -6722592.983,  -808236.722,  0.000
2879.0,  -6721672.853,  -815853.942,  0.000
2880.0,  -6720744.093,  -823470.115,  0.000
2881.0,  -6719806.702,  -831085.230,  0.000
2882.0,  -6718860.683,  -838699.278,  0.000
2883.0,  -6717906.037,  -846312.249,  0.000
2884.0,  -6716942.764,  -853924.134,  0.000
2885.0,  -6715970.867,  -861534.922,  0.000
2886.0,  -6714990.346,  -869144.604,  0.000
2887.0,  -6714001.203,  -876753.170,  0.000
2888.0,  -6713003.439,  -884360.610,  0.000
2889.0,  -6711997.055,  -891966.914,  0.000
2890.0,  -6710982.053,  -899572.073,  0.000
2891.0,  -6709958.433,  -907176.077,  0.000
2892.0,  -6708926.198,  -914778.917,  0.000
2893.0,  -6707885.348,  -922380.581,  0.000
2894.0,  -6706835.885,  -929981.061,  0.000
2895.0,  -6705777.810,  -937580.347,  0.000
2896.0,  -6704711.124,  -945178.430,  0.000
2897.0,  -6703635.830,  -952775.298,  0.000
2898.0,  -6702551.928,  -960370.943,  0.000
2899.0,  -6701459.419,  -967965.355,  0.000
2900.0,  -6700358.305,  -975558.524,  0.000
2901.0,  -6699248.588,  -983150.441,  0.000
2902.0,  -6698130.269,  -990741.095,  0.000
2903.0,  -6697003.349,  -998330.477,  0.000
2904.0,  -6695867.830,  -1005918.577,  0.000
2905.0,  -6694723.714,  -1013505.385,  0.000
2906.0,  -6693571.001,  -1021090.892,  0.000
2907.0,  -6692409.693,  -1028675.088,  0.000
2908.0,  -6691239.792,  -1036257.963,  0.000
2909.0,  -6690061.299,  -1043839.507,  0.000
2910.0,  -6688874.215,  -1051419.712,  0.000
2911.0,  -6687678.543,  -1058998.566,  0.000
2912.0,  -6686474.284,  -1066576.060,  0.000
2913.0,  -6685261.439,  -1074152.184,  0.000
2914.0,  -6684040.010,  -1081726.930,  0.000
2915.0,  -6682809.998,  -1089300.286,  0.000
2916.0,  -6681571.405,  -1096872.244,  0.000
2917.0,  -6680324.233,  -1104442.793,  0.000
2918.0,  -6679068.483,  -1112011.925,  0.000
2919.0,  -6677804.157,  -1119579.628,  0.000
2920.0,  -6676531.257,  -1127145.894,  0.000
2921.0,  -6675249.783,  -1134710.712,  0.000
2922.0,  -6673959.738,  -1142274.073,  0.000
2923.0,  -6672661.124,  -1149835.968,  0.000
2924.0,  -6671353.942,  -1157396.386,  0.000
2925.0,  -6670038.193,  -1164955.319,  0.000
2926.0,  -6668713.880,  -1172512.755,  0.000
2927.0,  -6667381.003,  -1180068.686,  0.000
2928.0,  -6666039.566,  -1187623.101,  0.000
2929.0,  -6664689.569,  -1195175.991,  0.000
2930.0,  -6663331.015,  -1202727.347,  0.000
2931.0,  -6661963.904,  -1210277.159,  0.000
2932.0,  -6660588.240,  -1217825.416,  0.000
2933.0,  -6659204.023,  -1225372.110,  0.000
2934.0,  -6657811.255,  -1232917.230,  0.000
2935.0,  -6656409.938,  -1240460.768,  0.000
2936.0,  -6655000.074,  -1248002.712,  0.000
2937.0,  -6653581.665,  -1255543.054,  0.000
2938.0,  -6652154.713,  -1263081.784,  0.000
2939.0,  -6650719.219,  -1270618.892,  0.000
2940.0,  -6649275.185,  -1278154.368,  0.000
2941.0,  -6647822.613,  -1285688.203,  0.000
2942.0,  -6646361.505,  -1293220.387,  0.000
2943.0,  -6644891.863,  -1300750.911,  0.000
2944.0,  -6643413.689,  -1308279.765,  0.000
2945.0,  -6641926.984,  -1315806.938,  0.000
2946.0,  -6640431.751,  -1323332.423,  0.000
2947.0,  -6638927.991,  -1330856.207,  0.000
2948.0,  -6637415.707,  -1338378.284,  0.000
2949.0,  -6635894.900,  -1345898.641,  0.000
2950.0,  -6634365.572,  -1353417.270,  0.000
2951.0,  -6632827.725,  -1360934.162,  0.000
2952.0,  -6631281.362,  -1368449.306,  0.000
2953.0,  -6629726.484,  -1375962.693,  0.000
2954.0,  -6628163.092,  -1383474.313,  0.000
2955.0,  -6626591.191,  -1390984.156,  0.000
2956.0,  -6625010.780,  -1398492.214,  0.000
2957.0,  -6623421.862,  -1405998.476,  0.000
2958.0,  -6621824.440,  -1413502.932,  0.000
2959.0,  -6620218.515,  -1421005.574,  0.000
2960.0,  -6618604.090,  -1428506.391,  0.000
2961.0,  -6616981.166,  -1436005.373,  0.000
2962.0,  -6615349.746,  -1443502.512,  0.000
2963.0,  -6613709.831,  -1450997.797,  0.000
2964.0,  -6612061.424,  -1458491.219,  0.000
2965.0,  -6610404.527,  -1465982.769,  0.000
2966.0,  -6608739.142,  -1473472.436,  0.000
2967.0,  -6607065.270,  -1480960.211,  0.000
2968.0,  -6605382.916,  -1488446.084,  0.000
2969.0,  -6603692.079,  -1495930.046,  0.000
2970.0,  -6601992.764,  -1503412.087,  0.000
2971.0,  -6600284.971,  -1510892.198,  0.000
2972.0,  -6598568.703,  -1518370.369,  0.000
2973.0,  -6596843.962,  -1525846.590,  0.000
2974.0,  -6595110.751,  -1533320.852,  0.000
2975.0,  -6593369.071,  -1540793.145,  0.000
2976.0,  -6591618.925,  -1548263.460,  0.000
2977.0,  -6589860.316,  -1555731.787,  0.000
2978.0,  -6588093.244,  -1563198.116,  0.000
2979.0,  -6586317.714,  -1570662.438,  0.000
2980.0,  -6584533.726,  -1578124.743,  0.000
2981.0,  -6582741.283,  -1585585.021,  0.000
2982.0,  -6580940.388,  -1593043.264,  0.000
2983.0,  -6579131.043,  -1600499.461,  0.000
2984.0,  -6577313.250,  -1607953.603,  0.000
2985.0,  -6575487.011,  -1615405.681,  0.000
2986.0,  -6573652.330,  -1622855.684,  0.000
2987.0,  -6571809.207,  -1630303.603,  0.000
2988.0,  -6569957.646,  -1637749.429,  0.000
2989.0,  -6568097.649,  -1645193.152,  0.000
2990.0,  -6566229.218,  -1652634.763,  0.000
2991.0,  -6564352.356,  -1660074.251,  0.000
2992.0,  -6562467.065,  -1667511.608,  0.000
2993.0,  -6560573.348,  -1674946.824,  0.000
2994.0,  -6558671.207,  -1682379.889,  0.000
2995.0,  -6556760.644,  -1689810.794,  0.000
2996.0,  -6554841.662,  -1697239.529,  0.000
2997.0,  -6552914.263,  -1704666.085,  0.000
2998.0,  -6550978.450,  -1712090.452,  0.000
2999.0,  -6549034.225,  -1719512.620,  0.000
3000.0,  -6547081.592,  -1726932.581,  0.000
3001.0,  -6545120.551,  -1734350.324,  0.000
3002.0,  -6543151.107,  -1741765.840,  0.000
3003.0,  -6541173.260,  -1749179.120,  0.000
3004.0,  -6539187.015,  -1756590.153,  0.000
3005.0,  -6537192.373,  -1763998.932,  0.000
3006.0,  -6535189.337,  -1771405.445,  0.000
3007.0,  -6533177.910,  -1778809.683,  0.000
3008.0,  -6531158.093,  -1786211.638,  0.000
3009.0,  -6529129.891,  -1793611.299,  0.000
3010.0,  -6527093.305,  -1801008.657,  0.000
3011.0,  -6525048.338,  -1808403.702,  0.000
3012.0,  -6522994.992,  -1815796.425,  0.000
3013.0,  -6520933.271,  -1823186.817,  0.000
3014.0,  -6518863.176,  -1830574.868,  0.000
3015.0,  -6516784.712,  -1837960.568,  0.000
3016.0,  -6514697.879,  -1845343.908,  0.000
3017.0,  -6512602.681,  -1852724.879,  0.000
3018.0,  -6510499.121,  -1860103.470,  0.000
3019.0,  -6508387.201,  -1867479.673,  0.000
3020.0,  -6506266.924,  -1874853.479,  0.000
3021.0,  -6504138.293,  -1882224.877,  0.000
3022.0,  -6502001.310,  -1889593.858,  0.000
3023.0,  -6499855.979,  -1896960.413,  0.000
3024.0,  -6497702.301,  -1904324.532,  0.000
3025.0,  -6495540.280,  -1911686.206,  0.000
3026.0,  -6493369.919,  -1919045.425,  0.000
3027.0,  -6491191.220,  -1926402.180,  0.000
3028.0,  -6489004.186,  -1933756.461,  0.000
3029.0,  -6486808.820,  -1941108.260,  0.000
3030.0,  -6484605.124,  -1948457.566,  0.000
3031.0,  -6482393.102,  -1955804.370,  0.000
3032.0,  -6480172.757,  -1963148.663,  0.000
3033.0,  -6477944.091,  -1970490.435,  0.000
3034.0,  -6475707.106,  -1977829.676,  0.000
3035.0,  -6473461.807,  -1985166.379,  0.000
3036.0,  -6471208.196,  -1992500.532,  0.000
3037.0,  -6468946.275,  -1999832.127,  0.000
3038.0,  -6466676.048,  -2007161.154,  0.000
3039.0,  -6464397.518,  -2014487.603,  0.000
3040.0,  -6462110.687,  -2021811.466,  0.000
3041.0,  -6459815.558,  -2029132.733,  0.000
3042.0,  -6457512.135,  -2036451.395,  0.000
3043.0,  -6455200.420,  -2043767.441,  0.000
3044.0,  -6452880.416,  -2051080.863,  0.000
3045.0,  -6450552.127,  -2058391.652,  0.000
3046.0,  -6448215.555,  -2065699.798,  0.000
3047.0,  -6445870.703,  -2073005.291,  0.000
3048.0,  -6443517.575,  -2080308.122,  0.000
3049.0,  -6441156.173,  -2087608.282,  0.000
3050.0,  -6438786.500,  -2094905.762,  0.000
3051.0,  -6436408.559,  -2102200.551,  0.000
3052.0,  -6434022.354,  -2109492.642,  0.000
3053.0,  -6431627.888,  -2116782.023,  0.000
3054.0,  -6429225.162,  -2124068.687,  0.000
3055.0,  -6426814.182,  -2131352.623,  0.000
3056.0,  -6424394.949,  -2138633.823,  0.000
3057.0,  -6421967.468,  -2145912.276,  0.000
3058.0,  -6419531.740,  -2153187.974,  0.000
3059.0,  -6417087.769,  -2160460.908,  0.000
3060.0,  -6414635.559,  -2167731.067,  0.000
3061.0,  -6412175.111,  -2174998.443,  0.000
3062.0,  -6409706.431,  -2182263.025,  0.000
3063.0,  -6407229.520,  -2189524.806,  0.000
3064.0,  -6404744.382,  -2196783.776,  0.000
3065.0,  -6402251.020,  -2204039.924,  0.000
3066.0,  -6399749.438,  -2211293.243,  0.000
3067.0,  -6397239.637,  -2218543.722,  0.000
3068.0,  -6394721.623,  -2225791.353,  0.000
3069.0,  -6392195.398,  -2233036.125,  0.000
3070.0,  -6389660.964,  -2240278.030,  0.000
3071.0,  -6387118.327,  -2247517.059,  0.000
3072.0,  -6384567.488,  -2254753.202,  0.000
3073.0,  -6382008.450,  -2261986.449,  0.000
3074.0,  -6379441.219,  -2269216.793,  0.000
3075.0,  -6376865.795,  -2276444.222,  0.000
3076.0,  -6374282.184,  -2283668.728,  0.000
3077.0,  -6371690.388,  -2290890.302,  0.000
3078.0,  -6369090.410,  -2298108.935,  0.000
3079.0,  -6366482.255,  -2305324.616,  0.000
3080.0,  -6363865.924,  -2312537.338,  0.000
3081.0,  -6361241.422,  -2319747.090,  0.000
3082.0,  -6358608.752,  -2326953.863,  0.000
3083.0,  -6355967.917,  -2334157.649,  0.000
3084.0,  -6353318.921,  -2341358.437,  0.000
3085.0,  -6350661.768,  -2348556.219,  0.000
3086.0,  -6347996.459,  -2355750.986,  0.000
3087.0,  -6345323.000,  -2362942.727,  0.000
3088.0,  -6342641.393,  -2370131.435,  0.000
3089.0,  -6339951.642,  -2377317.099,  0.000
3090.0,  -6337253.750,  -2384499.710,  0.000
3091.0,  -6334547.721,  -2391679.260,  0.000
3092.0,  -6331833.558,  -2398855.739,  0.000
3093.0,  -6329111.265,  -2406029.137,  0.000
3094.0,  -6326380.845,  -2413199.446,  0.000
3095.0,  -6323642.301,  -2420366.657,  0.000
3096.0,  -6320895.638,  -2427530.760,  0.000
3097.0,  -6318140.859,  -2434691.745,  0.000
3098.0,  -6315377.967,  -2441849.605,  0.000
3099.0,  -6312606.966,  -2449004.329,  0.000
3100.0,  -6309827.859,  -2456155.908,  0.000
3101.0,  -6307040.650,  -2463304.334,  0.000
3102.0,  -6304245.343,  -2470449.596,  0.000
3103.0,  -6301441.941,  -2477591.687,  0.000
3104.0,  -6298630.448,  -2484730.596,  0.000
3105.0,  -6295810.867,  -2491866.315,  0.000
3106.0,  -6292983.201,  -2498998.834,  0.000
3107.0,  -6290147.456,  -2506128.144,  0.000
3108.0,  -6287303.634,  -2513254.236,  0.000
3109.0,  -6284451.738,  -2520377.101,  0.000
3110.0,  -6281591.773,  -2527496.730,  0.000
3111.0,  -6278723.743,  -2534613.114,  0.000
3112.0,  -6275847.650,  -2541726.243,  0.000
3113.0,  -6272963.499,  -2548836.108,  0.000
3114.0,  -6270071.293,  -2555942.701,  0.000
3115.0,  -6267171.037,  -2563046.011,  0.000
3116.0,  -6264262.732,  -2570146.031,  0.000
3117.0,  -6261346.385,  -2577242.751,  0.000
3118.0,  -6258421.998,  -2584336.161,  0.000
3119.0,  -6255489.574,  -2591426.253,  0.000
3120.0,  -6252549.119,  -2598513.017,  0.000
3121.0,  -6249600.634,  -2605596.445,  0.000
3122.0,  -6246644.126,  -2612676.527,  0.000
3123.0,  -6243679.596,  -2619753.254,  0.000
3124.0,  -6240707.049,  -2626826.618,  0.000
3125.0,  -6237726.489,  -2633896.608,  0.000
3126.0,  -6234737.920,  -2640963.217,  0.000
3127.0,  -6231741.344,  -2648026.434,  0.000
3128.0,  -6228736.767,  -2655086.251,  0.000
3129.0,  -6225724.193,  -2662142.659,  0.000
3130.0,  -6222703.624,  -2669195.649,  0.000
3131.0,  -6219675.065,  -2676245.212,  0.000
3132.0,  -6216638.519,  -2683291.338,  0.000
3133.0,  -6213593.992,  -2690334.018,  0.000
3134.0,  -6210541.486,  -2697373.244,  0.000
3135.0,  -6207481.005,  -2704409.007,  0.000
3136.0,  -6204412.554,  -2711441.297,  0.000
3137.0,  -6201336.136,  -2718470.106,  0.000
3138.0,  -6198251.755,  -2725495.423,  0.000
3139.0,  -6195159.416,  -2732517.242,  0.000
3140.0,  -6192059.121,  -2739535.551,  0.000
3141.0,  -6188950.876,  -2746550.343,  0.000
3142.0,  -6185834.684,  -2753561.609,  0.000
3143.0,  -6182710.550,  -2760569.338,  0.000
3144.0,  -6179578.476,  -2767573.523,  0.000
3145.0,  -6176438.468,  -2774574.154,  0.000
3146.0,  -6173290.529,  -2781571.223,  0.000
3147.0,  -6170134.663,  -2788564.720,  0.000
3148.0,  -6166970.875,  -2795554.637,  0.000
3149.0,  -6163799.168,  -2802540.963,  0.000
3150.0,  -6160619.546,  -2809523.692,  0.000
3151.0,  -6157432.014,  -2816502.813,  0.000
3152.0,  -6154236.576,  -2823478.317,  0.000
3153.0,  -6151033.236,  -2830450.196,  0.000
3154.0,  -6147821.997,  -2837418.440,  0.000
3155.0,  -6144602.864,  -2844383.041,  0.000
3156.0,  -6141375.842,  -2851343.990,  0.000
3157.0,  -6138140.933,  -2858301.278,  0.000
3158.0,  -6134898.144,  -2865254.895,  0.000
3159.0,  -6131647.476,  -2872204.833,  0.000
3160.0,  -6128388.936,  -2879151.084,  0.000
3161.0,  -6125122.526,  -2886093.637,  0.000
3162.0,  -6121848.252,  -2893032.485,  0.000
3163.0,  -6118566.117,  -2899967.618,  0.000
3164.0,  -6115276.125,  -2906899.027,  0.000
3165.0,  -6111978.281,  -2913826.704,  0.000
3166.0,  -6108672.590,  -2920750.639,  0.000
3167.0,  -6105359.054,  -2927670.824,  0.000
3168.0,  -6102037.679,  -2934587.249,  0.000
3169.0,  -6098708.469,  -2941499.907,  0.000
3170.0,  -6095371.428,  -2948408.787,  0.000
3171.0,  -6092026.560,  -2955313.882,  0.000
3172.0,  -6088673.870,  -2962215.182,  0.000
3173.0,  -6085313.362,  -2969112.678,  0.000
3174.0,  -6081945.040,  -2976006.362,  0.000
3175.0,  -6078568.909,  -2982896.225,  0.000
3176.0,  -6075184.973,  -2989782.258,  0.000
3177.0,  -6071793.236,  -2996664.451,  0.000
3178.0,  -6068393.702,  -3003542.797,  0.000
3179.0,  -6064986.377,  -3010417.286,  0.000
3180.0,  -6061571.263,  -3017287.910,  0.000
3181.0,  -6058148.367,  -3024154.659,  0.000
3182.0,  -6054717.692,  -3031017.525,  0.000
3183.0,  -6051279.242,  -3037876.499,  0.000
3184.0,  -6047833.022,  -3044731.573,  0.000
3185.0,  -6044379.037,  -3051582.737,  0.000
3186.0,  -6040917.290,  -3058429.983,  0.000
3187.0,  -6037447.787,  -3065273.301,  0.000
3188.0,  -6033970.531,  -3072112.684,  0.000
3189.0,  -6030485.528,  -3078948.122,  0.000
3190.0,  -6026992.781,  -3085779.606,  0.000
3191.0,  -6023492.296,  -3092607.129,  0.000
3192.0,  -6019984.076,  -3099430.680,  0.000
3193.0,  -6016468.126,  -3106250.251,  0.000
3194.0,  -6012944.451,  -3113065.834,  0.000
3195.0,  -6009413.055,  -3119877.420,  0.000
3196.0,  -6005873.943,  -3126685.000,  0.000
3197.0,  -6002327.119,  -3133488.565,  0.000
3198.0,  -5998772.588,  -3140288.106,  0.000
3199.0,  -5995210.354,  -3147083.615,  0.000
3200.0,  -5991640.422,  -3153875.083,  0.000
3201.0,  -5988062.797,  -3160662.502,  0.000
3202.0,  -5984477.483,  -3167445.862,  0.000
3203.0,  -5980884.484,  -3174225.155,  0.000
3204.0,  -5977283.806,  -3181000.372,  0.000
3205.0,  -5973675.453,  -3187771.505,  0.000
3206.0,  -5970059.430,  -3194538.544,  0.000
3207.0,  -5966435.741,  -3201301.482,  0.000
3208.0,  -5962804.391,  -3208060.309,  0.000
3209.0,  -5959165.384,  -3214815.017,  0.000
3210.0,  -5955518.725,  -3221565.597,  0.000
3211.0,  -5951864.420,  -3228312.040,  0.000
3212.0,  -5948202.472,  -3235054.338,  0.000
3213.0,  -5944532.886,  -3241792.482,  0.000
3214.0,  -5940855.668,  -3248526.464,  0.000
3215.0,  -5937170.821,  -3255256.274,  0.000
3216.0,  -5933478.351,  -3261981.905,  0.000
3217.0,  -5929778.262,  -3268703.347,  0.000
3218.0,  -5926070.558,  -3275420.592,  0.000
3219.0,  -5922355.246,  -3282133.631,  0.000
3220.0,  -5918632.329,  -3288842.456,  0.000
3221.0,  -5914901.813,  -3295547.057,  0.000
3222.0,  -5911163.701,  -3302247.428,  0.000
3223.0,  -5907417.999,  -3308943.558,  0.000
3224.0,  -5903664.713,  -3315635.439,  0.000
3225.0,  -5899903.845,  -3322323.063,  0.000
3226.0,  -5896135.402,  -3329006.421,  0.000
3227.0,  -5892359.388,  -3335685.504,  0.000
3228.0,  -5888575.808,  -3342360.304,  0.000
3229.0,  -5884784.667,  -3349030.813,  0.000
3230.0,  -5880985.970,  -3355697.021,  0.000
3231.0,  -5877179.721,  -3362358.920,  0.000
3232.0,  -5873365.926,  -3369016.502,  0.000
3233.0,  -5869544.590,  -3375669.759,  0.000
3234.0,  -5865715.716,  -3382318.680,  0.000
3235.0,  -5861879.311,  -3388963.259,  0.000
3236.0,  -5858035.379,  -3395603.486,  0.000
3237.0,  -5854183.925,  -3402239.353,  0.000
3238.0,  -5850324.954,  -3408870.852,  0.000
3239.0,  -5846458.472,  -3415497.973,  0.000
3240.0,  -5842584.482,  -3422120.709,  0.000
3241.0,  -5838702.990,  -3428739.051,  0.000
3242.0,  -5834814.001,  -3435352.990,  0.000
3243.0,  -5830917.520,  -3441962.518,  0.000
3244.0,  -5827013.551,  -3448567.626,  0.000
3245.0,  -5823102.101,  -3455168.306,  0.000
3246.0,  -5819183.174,  -3461764.550,  0.000
3247.0,  -5815256.775,  -3468356.349,  0.000
3248.0,  -5811322.908,  -3474943.694,  0.000
3249.0,  -5807381.580,  -3481526.578,  0.000
3250.0,  -5803432.795,  -3488104.991,  0.000
3251.0,  -5799476.558,  -3494678.925,  0.000
3252.0,  -5795512.875,  -3501248.372,  0.000
3253.0,  -5791541.750,  -3507813.323,  0.000
3254.0,  -5787563.188,  -3514373.770,  0.000
3255.0,  -5783577.195,  -3520929.704,  0.000
3256.0,  -5779583.776,  -3527481.118,  0.000
3257.0,  -5775582.935,  -3534028.002,  0.000
3258.0,  -5771574.679,  -3540570.348,  0.000
3259.0,  -5767559.011,  -3547108.148,  0.000
3260.0,  -5763535.938,  -3553641.393,  0.000
3261.0,  -5759505.464,  -3560170.076,  0.000
3262.0,  -5755467.595,  -3566694.187,  0.000
3263.0,  -5751422.336,  -3573213.718,  0.000
3264.0,  -5747369.692,  -3579728.662,  0.000
3265.0,  -5743309.668,  -3586239.008,  0.000
3266.0,  -5739242.269,  -3592744.750,  0.000
3267.0,  -5735167.501,  -3599245.879,  0.000
3268.0,  -5731085.369,  -3605742.386,  0.000
3269.0,  -5726995.878,  -3612234.264,  0.000
3270.0,  -5722899.033,  -3618721.503,  0.000
3271.0,  -5718794.840,  -3625204.095,  0.000
3272.0,  -5714683.304,  -3631682.033,  0.000
3273.0,  -5710564.430,  -3638155.307,  0.000
3274.0,  -5706438.223,  -3644623.910,  0.000
3275.0,  -5702304.689,  -3651087.834,  0.000
3276.0,  -5698163.834,  -3657547.069,  0.000
3277.0,  -5694015.661,  -3664001.607,  0.000
3278.0,  -5689860.178,  -3670451.441,  0.000
3279.0,  -5685697.388,  -3676896.562,  0.000
3280.0,  -5681527.298,  -3683336.962,  0.000
3281.0,  -5677349.913,  -3689772.632,  0.000
3282.0,  -5673165.237,  -3696203.565,  0.000
3283.0,  -5668973.277,  -3702629.751,  0.000
3284.0,  -5664774.038,  -3709051.183,  0.000
3285.0,  -5660567.526,  -3715467.853,  0.000
3286.0,  -5656353.745,  -3721879.752,  0.000
3287.0,  -5652132.701,  -3728286.872,  0.000
3288.0,  -5647904.399,  -3734689.204,  0.000
3289.0,  -5643668.846,  -3741086.741,  0.000
3290.0,  -5639426.045,  -3747479.475,  0.000
3291.0,  -5635176.004,  -3753867.396,  0.000
3292.0,  -5630918.727,  -3760250.498,  0.000
3293.0,  -5626654.219,  -3766628.771,  0.000
3294.0,  -5622382.487,  -3773002.208,  0.000
3295.0,  -5618103.536,  -3779370.800,  0.000
3296.0,  -5613817.370,  -3785734.539,  0.000
3297.0,  -5609523.997,  -3792093.418,  0.000
3298.0,  -5605223.420,  -3798447.427,  0.000
3299.0,  -5600915.647,  -3804796.559,  0.000
3300.0,  -5596600.681,  -3811140.805,  0.000
3301.0,  -5592278.529,  -3817480.158,  0.000
3302.0,  -5587949.197,  -3823814.609,  0.000
3303.0,  -5583612.690,  -3830144.150,  0.000
3304.0,  -5579269.013,  -3836468.773,  0.000
3305.0,  -5574918.172,  -3842788.470,  0.000
3306.0,  -5570560.173,  -3849103.232,  0.000
3307.0,  -5566195.021,  -3855413.053,  0.000
3308.0,  -5561822.722,  -3861717.923,  0.000
3309.0,  -5557443.281,  -3868017.834,  0.000
3310.0,  -5553056.704,  -3874312.778,  0.000
3311.0,  -5548662.997,  -3880602.748,  0.000
3312.0,  -5544262.166,  -3886887.735,  0.000
3313.0,  -5539854.215,  -3893167.732,  0.000
3314.0,  -5535439.151,  -3899442.729,  0.000
3315.0,  -5531016.980,  -3905712.719,  0.000
3316.0,  -5526587.706,  -3911977.694,  0.000
3317.0,  -5522151.336,  -3918237.646,  0.000
3318.0,  -5517707.876,  -3924492.567,  0.000
3319.0,  -5513257.331,  -3930742.449,  0.000
3320.0,  -5508799.706,  -3936987.284,  0.000
3321.0,  -5504335.008,  -3943227.063,  0.000
3322.0,  -5499863.242,  -3949461.780,  0.000
3323.0,  -5495384.415,  -3955691.425,  0.000
3324.0,  -5490898.531,  -3961915.990,  0.000
3325.0,  -5486405.596,  -3968135.469,  0.000
3326.0,  -5481905.617,  -3974349.852,  0.000
3327.0,  -5477398.599,  -3980559.132,  0.000
3328.0,  -5472884.548,  -3986763.301,  0.000
3329.0,  -5468363.469,  -3992962.351,  0.000
3330.0,  -5463835.369,  -3999156.274,  0.000
3331.0,  -5459300.253,  -4005345.062,  0.000
3332.0,  -5454758.128,  -4011528.707,  0.000
3333.0,  -5450208.998,  -4017707.200,  0.000
3334.0,  -5445652.870,  -4023880.535,  0.000
3335.0,  -5441089.749,  -4030048.704,  0.000
3336.0,  -5436519.643,  -4036211.697,  0.000
3337.0,  -5431942.555,  -4042369.508,  0.000
3338.0,  -5427358.493,  -4048522.128,  0.000
3339.0,  -5422767.461,  -4054669.550,  0.000
3340.0,  -5418169.467,  -4060811.766,  0.000
3341.0,  -5413564.516,  -4066948.768,  0.000
3342.0,  -5408952.613,  -4073080.547,  0.000
3343.0,  -5404333.766,  -4079207.096,  0.000
3344.0,  -5399707.979,  -4085328.408,  0.000
3345.0,  -5395075.258,  -4091444.474,  0.000
3346.0,  -5390435.610,  -4097555.286,  0.000
3347.0,  -5385789.041,  -4103660.837,  0.000
3348.0,  -5381135.556,  -4109761.119,  0.000
3349.0,  -5376475.162,  -4115856.124,  0.000
3350.0,  -5371807.864,  -4121945.844,  0.000
3351.0,  -5367133.669,  -4128030.271,  0.000
3352.0,  -5362452.581,  -4134109.398,  0.000
3353.0,  -5357764.609,  -4140183.216,  0.000
3354.0,  -5353069.757,  -4146251.718,  0.000
3355.0,  -5348368.031,  -4152314.896,  0.000
3356.0,  -5343659.438,  -4158372.743,  0.000
3357.0,  -5338943.984,  -4164425.250,  0.000
3358.0,  -5334221.674,  -4170472.410,  0.000
3359.0,  -5329492.515,  -4176514.215,  0.000
3360.0,  -5324756.512,  -4182550.657,  0.000
3361.0,  -5320013.673,  -4188581.729,  0.000
3362.0,  -5315264.002,  -4194607.422,  0.000
3363.0,  -5310507.507,  -4200627.730,  0.000
3364.0,  -5305744.193,  -4206642.643,  0.000
3365.0,  -5300974.065,  -4212652.155,  0.000
3366.0,  -5296197.132,  -4218656.258,  0.000
3367.0,  -5291413.398,  -4224654.945,  0.000
3368.0,  -5286622.869,  -4230648.206,  0.000
3369.0,  -5281825.553,  -4236636.036,  0.000
3370.0,  -5277021.454,  -4242618.425,  0.000
3371.0,  -5272210.580,  -4248595.367,  0.000
3372.0,  -5267392.935,  -4254566.853,  0.000
3373.0,  -5262568.528,  -4260532.876,  0.000
3374.0,  -5257737.363,  -4266493.429,  0.000
3375.0,  -5252899.447,  -4272448.504,  0.000
3376.0,  -5248054.786,  -4278398.092,  0.000
3377.0,  -5243203.386,  -4284342.187,  0.000
3378.0,  -5238345.254,  -4290280.781,  0.000
3379.0,  -5233480.396,  -4296213.866,  0.000
3380.0,  -5228608.818,  -4302141.434,  0.000
3381.0,  -5223730.526,  -4308063.478,  0.000
3382.0,  -5218845.527,  -4313979.991,  0.000
3383.0,  -5213953.827,  -4319890.964,  0.000
3384.0,  -5209055.432,  -4325796.391,  0.000
3385.0,  -5204150.348,  -4331696.263,  0.000
3386.0,  -5199238.582,  -4337590.573,  0.000
3387.0,  -5194320.140,  -4343479.314,  0.000
3388.0,  -5189395.028,  -4349362.477,  0.000
3389.0,  -5184463.253,  -4355240.055,  0.000
3390.0,  -5179524.821,  -4361112.042,  0.000
3391.0,  -5174579.739,  -4366978.428,  0.000
3392.0,  -5169628.012,  -4372839.208,  0.000
3393.0,  -5164669.647,  -4378694.372,  0.000
3394.0,  -5159704.650,  -4384543.914,  0.000
3395.0,  -5154733.029,  -4390387.826,  0.000
3396.0,  -5149754.788,  -4396226.101,  0.000
3397.0,  -5144769.935,  -4402058.731,  0.000
3398.0,  -5139778.476,  -4407885.708,  0.000
3399.0,  -5134780.418,  -4413707.026,  0.000
3400.0,  -5129775.766,  -4419522.677,  0.000
3401.0,  -5124764.527,  -4425332.652,  0.000
3402.0,  -5119746.709,  -4431136.945,  0.000
3403.0,  -5114722.316,  -4436935.549,  0.000
3404.0,  -5109691.356,  -4442728.456,  0.000
3405.0,  -5104653.834,  -4448515.657,  0.000
3406.0,  -5099609.759,  -4454297.147,  0.000
3407.0,  -5094559.135,  -4460072.918,  0.000
3408.0,  -5089501.969,  -4465842.961,  0.000
3409.0,  -5084438.269,  -4471607.271,  0.000
3410.0,  -5079368.040,  -4477365.838,  0.000
3411.0,  -5074291.289,  -4483118.657,  0.000
3412.0,  -5069208.023,  -4488865.719,  0.000
3413.0,  -5064118.247,  -4494607.017,  0.000
3414.0,  -5059021.969,  -4500342.544,  0.000
3415.0,  -5053919.195,  -4506072.293,  0.000
3416.0,  -5048809.932,  -4511796.255,  0.000
3417.0,  -5043694.186,  -4517514.425,  0.000
3418.0,  -5038571.963,  -4523226.794,  0.000
3419.0,  -5033443.271,  -4528933.354,  0.000
3420.0,  -5028308.116,  -4534634.100,  0.000
3421.0,  -5023166.505,  -4540329.023,  0.000
3422.0,  -5018018.443,  -4546018.116,  0.000
3423.0,  -5012863.938,  -4551701.372,  0.000
3424.0,  -5007702.997,  -4557378.783,  0.000
3425.0,  -5002535.625,  -4563050.342,  0.000
3426.0,  -4997361.831,  -4568716.043,  0.000
3427.0,  -4992181.619,  -4574375.877,  0.000
3428.0,  -4986994.997,  -4580029.837,  0.000
3429.0,  -4981801.972,  -4585677.917,  0.000
3430.0,  -4976602.550,  -4591320.108,  0.000
3431.0,  -4971396.738,  -4596956.404,  0.000
3432.0,  -4966184.543,  -4602586.797,  0.000
3433.0,  -4960965.971,  -4608211.281,  0.000
3434.0,  -4955741.029,  -4613829.847,  0.000
3435.0,  -4950509.723,  -4619442.490,  0.000
3436.0,  -4945272.061,  -4625049.200,  0.000
3437.0,  -4940028.050,  -4630649.972,  0.000
3438.0,  -4934777.695,  -4636244.799,  0.000
3439.0,  -4929521.003,  -4641833.672,  0.000
3440.0,  -4924257.982,  -4647416.584,  0.000
3441.0,  -4918988.638,  -4652993.530,  0.000
3442.0,  -4913712.978,  -4658564.501,  0.000
3443.0,  -4908431.009,  -4664129.490,  0.000
3444.0,  -4903142.737,  -4669688.490,  0.000
3445.0,  -4897848.169,  -4675241.494,  0.000
3446.0,  -4892547.312,  -4680788.495,  0.000
3447.0,  -4887240.174,  -4686329.486,  0.000
3448.0,  -4881926.759,  -4691864.460,  0.000
3449.0,  -4876607.077,  -4697393.409,  0.000
3450.0,  -4871281.132,  -4702916.326,  0.000
3451.0,  -4865948.933,  -4708433.205,  0.000
3452.0,  -4860610.486,  -4713944.038,  0.000
3453.0,  -4855265.797,  -4719448.818,  0.000
3454.0,  -4849914.875,  -4724947.538,  0.000
3455.0,  -4844557.724,  -4730440.192,  0.000
3456.0,  -4839194.354,  -4735926.771,  0.000
3457.0,  -4833824.769,  -4741407.269,  0.000
3458.0,  -4828448.978,  -4746881.679,  0.000
3459.0,  -4823066.987,  -4752349.994,  0.000
3460.0,  -4817678.804,  -4757812.207,  0.000
3461.0,  -4812284.434,  -4763268.311,  0.000
3462.0,  -4806883.885,  -4768718.299,  0.000
3463.0,  -4801477.163,  -4774162.163,  0.000
3464.0,  -4796064.277,  -4779599.897,  0.000
3465.0,  -4790645.232,  -4785031.494,  0.000
3466.0,  -4785220.036,  -4790456.947,  0.000
3467.0,  -4779788.696,  -4795876.249,  0.000
3468.0,  -4774351.218,  -4801289.393,  0.000
3469.0,  -4768907.610,  -4806696.372,  0.000
3470.0,  -4763457.878,  -4812097.179,  0.000
3471.0,  -4758002.030,  -4817491.807,  0.000
3472.0,  -4752540.073,  -4822880.249,  0.000
3473.0,  -4747072.013,  -4828262.499,  0.000
3474.0,  -4741597.858,  -4833638.549,  0.000
3475.0,  -4736117.615,  -4839008.392,  0.000
3476.0,  -4730631.290,  -4844372.023,  0.000
3477.0,  -4725138.891,  -4849729.432,  0.000
3478.0,  -4719640.425,  -4855080.615,  0.000
3479.0,  -4714135.898,  -4860425.563,  0.000
3480.0,  -4708625.319,  -4865764.271,  0.000
3481.0,  -4703108.694,  -4871096.731,  0.000
3482.0,  -4697586.029,  -4876422.936,  0.000
3483.0,  -4692057.333,  -4881742.880,  0.000
3484.0,  -4686522.612,  -4887056.555,  0.000
3485.0,  -4680981.874,  -4892363.956,  0.000
3486.0,  -4675435.125,  -4897665.074,  0.000
3487.0,  -4669882.372,  -4902959.904,  0.000
3488.0,  -4664323.624,  -4908248.438,  0.000
3489.0,  -4658758.886,  -4913530.670,  0.000
3490.0,  -4653188.166,  -4918806.593,  0.000
3491.0,  -4647611.472,  -4924076.200,  0.000
3492.0,  -4642028.809,  -4929339.484,  0.000
3493.0,  -4636440.187,  -4934596.439,  0.000
3494.0,  -4630845.611,  -4939847.057,  0.000
3495.0,  -4625245.089,  -4945091.333,  0.000
3496.0,  -4619638.627,  -4950329.259,  0.000
3497.0,  -4614026.235,  -4955560.829,  0.000
3498.0,  -4608407.917,  -4960786.036,  0.000
3499.0,  -4602783.683,  -4966004.873,  0.000
3500.0,  -4597153.538,  -4971217.333,  0.000
3501.0,  -4591517.490,  -4976423.411,  0.000
3502.0,  -4585875.547,  -4981623.098,  0.000
3503.0,  -4580227.715,  -4986816.389,  0.000
3504.0,  -4574574.003,  -4992003.277,  0.000
3505.0,  -4568914.416,  -4997183.755,  0.000
3506.0,  -4563248.963,  -5002357.816,  0.000
3507.0,  -4557577.650,  -5007525.454,  0.000
3508.0,  -4551900.486,  -5012686.663,  0.000
3509.0,  -4546217.476,  -5017841.435,  0.000
3510.0,  -4540528.629,  -5022989.764,  0.000
3511.0,  -4534833.952,  -5028131.643,  0.000
3512.0,  -4529133.453,  -5033267.066,  0.000
3513.0,  -4523427.137,  -5038396.026,  0.000
3514.0,  -4517715.014,  -5043518.517,  0.000
3515.0,  -4511997.089,  -5048634.532,  0.000
3516.0,  -4506273.371,  -5053744.064,  0.000
3517.0,  -4500543.867,  -5058847.107,  0.000
3518.0,  -4494808.584,  -5063943.654,  0.000
3519.0,  -4489067.530,  -5069033.699,  0.000
3520.0,  -4483320.712,  -5074117.236,  0.000
3521.0,  -4477568.136,  -5079194.257,  0.000
3522.0,  -4471809.812,  -5084264.756,  0.000
3523.0,  -4466045.745,  -5089328.727,  0.000
3524.0,  -4460275.945,  -5094386.163,  0.000
3525.0,  -4454500.417,  -5099437.058,  0.000
3526.0,  -4448719.169,  -5104481.404,  0.000
3527.0,  -4442932.209,  -5109519.197,  0.000
3528.0,  -4437139.544,  -5114550.429,  0.000
3529.0,  -4431341.182,  -5119575.094,  0.000
3530.0,  -4425537.130,  -5124593.185,  0.000
3531.0,  -4419727.395,  -5129604.696,  0.000
3532.0,  -4413911.985,  -5134609.620,  0.000
3533.0,  -4408090.908,  -5139607.951,  0.000
3534.0,  -4402264.171,  -5144599.683,  0.000
3535.0,  -4396431.781,  -5149584.810,  0.000
3536.0,  -4390593.745,  -5154563.324,  0.000
3537.0,  -4384750.073,  -5159535.219,  0.000
3538.0,  -4378900.770,  -5164500.489,  0.000
3539.0,  -4373045.844,  -5169459.129,  0.000
3540.0,  -4367185.304,  -5174411.130,  0.000
3541.0,  -4361319.155,  -5179356.487,  0.000
3542.0,  -4355447.407,  -5184295.194,  0.000
3543.0,  -4349570.066,  -5189227.244,  0.000
3544.0,  -4343687.141,  -5194152.631,  0.000
3545.0,  -4337798.637,  -5199071.349,  0.000
3546.0,  -4331904.565,  -5203983.391,  0.000
3547.0,  -4326004.929,  -5208888.750,  0.000
3548.0,  -4320099.739,  -5213787.422,  0.000
3549.0,  -4314189.002,  -5218679.399,  0.000
3550.0,  -4308272.726,  -5223564.675,  0.000
3551.0,  -4302350.917,  -5228443.243,  0.000
3552.0,  -4296423.584,  -5233315.099,  0.000
3553.0,  -4290490.735,  -5238180.234,  0.000
3554.0,  -4284552.376,  -5243038.644,  0.000
3555.0,  -4278608.516,  -5247890.321,  0.000
3556.0,  -4272659.162,  -5252735.260,  0.000
3557.0,  -4266704.322,  -5257573.454,  0.000
3558.0,  -4260744.003,  -5262404.898,  0.000
3559.0,  -4254778.213,  -5267229.584,  0.000
3560.0,  -4248806.960,  -5272047.507,  0.000
3561.0,  -4242830.252,  -5276858.661,  0.000
3562.0,  -4236848.096,  -5281663.039,  0.000
3563.0,  -4230860.499,  -5286460.636,  0.000
3564.0,  -4224867.470,  -5291251.444,  0.000
3565.0,  -4218869.016,  -5296035.458,  0.000
3566.0,  -4212865.145,  -5300812.672,  0.000
3567.0,  -4206855.864,  -5305583.080,  0.000
3568.0,  -4200841.182,  -5310346.675,  0.000
3569.0,  -4194821.106,  -5315103.452,  0.000
3570.0,  -4188795.644,  -5319853.403,  0.000
3571.0,  -4182764.803,  -5324596.524,  0.000
3572.0,  -4176728.591,  -5329332.808,  0.000
3573.0,  -4170687.016,  -5334062.249,  0.000
3574.0,  -4164640.086,  -5338784.841,  0.000
3575.0,  -4158587.808,  -5343500.578,  0.000
3576.0,  -4152530.191,  -5348209.454,  0.000
3577.0,  -4146467.242,  -5352911.462,  0.000
3578.0,  -4140398.969,  -5357606.598,  0.000
3579.0,  -4134325.379,  -5362294.853,  0.000
3580.0,  -4128246.481,  -5366976.224,  0.000
3581.0,  -4122162.281,  -5371650.703,  0.000
3582.0,  -4116072.789,  -5376318.285,  0.000
3583.0,  -4109978.012,  -5380978.964,  0.000
3584.0,  -4103877.958,  -5385632.733,  0.000
3585.0,  -4097772.634,  -5390279.587,  0.000
3586.0,  -4091662.048,  -5394919.519,  0.000
3587.0,  -4085546.208,  -5399552.525,  0.000
3588.0,  -4079425.123,  -5404178.597,  0.000
3589.0,  -4073298.800,  -5408797.731,  0.000
3590.0,  -4067167.246,  -5413409.919,  0.000
3591.0,  -4061030.470,  -5418015.156,  0.000
3592.0,  -4054888.479,  -5422613.436,  0.000
3593.0,  -4048741.282,  -5427204.754,  0.000
3594.0,  -4042588.887,  -5431789.103,  0.000
3595.0,  -4036431.300,  -5436366.477,  0.000
3596.0,  -4030268.531,  -5440936.871,  0.000
3597.0,  -4024100.586,  -5445500.279,  0.000
3598.0,  -4017927.475,  -5450056.695,  0.000
3599.0,  -4011749.204,  -5454606.112,  0.000
3600.0,  -4005565.783,  -5459148.526,  0.000
3601.0,  -3999377.218,  -5463683.930,  0.000
3602.0,  -3993183.517,  -5468212.318,  0.000
3603.0,  -3986984.690,  -5472733.685,  0.000
3604.0,  -3980780.743,  -5477248.025,  0.000
3605.0,  -3974571.684,  -5481755.332,  0.000
3606.0,  -3968357.522,  -5486255.601,  0.000
3607.0,  -3962138.265,  -5490748.825,  0.000
3608.0,  -3955913.920,  -5495234.998,  0.000
3609.0,  -3949684.496,  -5499714.116,  0.000
3610.0,  -3943450.000,  -5504186.172,  0.000
3611.0,  -3937210.441,  -5508651.160,  0.000
3612.0,  -3930965.826,  -5513109.075,  0.000
3613.0,  -3924716.164,  -5517559.912,  0.000
3614.0,  -3918461.462,  -5522003.663,  0.000
3615.0,  -3912201.729,  -5526440.324,  0.000
3616.0,  -3905936.973,  -5530869.889,  0.000
3617.0,  -3899667.201,  -5535292.352,  0.000
3618.0,  -3893392.422,  -5539707.708,  0.000
3619.0,  -3887112.644,  -5544115.951,  0.000
3620.0,  -3880827.875,  -5548517.075,  0.000
3621.0,  -3874538.122,  -5552911.074,  0.000
3622.0,  -3868243.395,  -5557297.944,  0.000
3623.0,  -3861943.700,  -5561677.677,  0.000
3624.0,  -3855639.047,  -5566050.270,  0.000
3625.0,  -3849329.443,  -5570415.715,  0.000
3626.0,  -3843014.897,  -5574774.008,  0.000
3627.0,  -3836695.416,  -5579125.143,  0.000
3628.0,  -3830371.008,  -5583469.114,  0.000
3629.0,  -3824041.682,  -5587805.915,  0.000
3630.0,  -3817707.446,  -5592135.542,  0.000
3631.0,  -3811368.308,  -5596457.988,  0.000
3632.0,  -3805024.277,  -5600773.249,  0.000
3633.0,  -3798675.359,  -5605081.318,  0.000
3634.0,  -3792321.564,  -5609382.189,  0.000
3635.0,  -3785962.899,  -5613675.859,  0.000
3636.0,  -3779599.373,  -5617962.320,  0.000
3637.0,  -3773230.994,  -5622241.567,  0.000
3638.0,  -3766857.770,  -5626513.596,  0.000
3639.0,  -3760479.710,  -5630778.400,  0.000
3640.0,  -3754096.821,  -5635035.973,  0.000
3641.0,  -3747709.111,  -5639286.312,  0.000
3642.0,  -3741316.589,  -5643529.409,  0.000
3643.0,  -3734919.264,  -5647765.260,  0.000
3644.0,  -3728517.143,  -5651993.859,  0.000
3645.0,  -3722110.234,  -5656215.200,  0.000
3646.0,  -3715698.546,  -5660429.279,  0.000
3647.0,  -3709282.086,  -5664636.090,  0.000
3648.0,  -3702860.864,  -5668835.628,  0.000
3649.0,  -3696434.888,  -5673027.886,  0.000
3650.0,  -3690004.165,  -5677212.860,  0.000
3651.0,  -3683568.704,  -5681390.544,  0.000
3652.0,  -3677128.513,  -5685560.934,  0.000
3653.0,  -3670683.601,  -5689724.023,  0.000
3654.0,  -3664233.976,  -5693879.806,  0.000
3655.0,  -3657779.645,  -5698028.278,  0.000
3656.0,  -3651320.618,  -5702169.434,  0.000
3657.0,  -3644856.903,  -5706303.268,  0.000
3658.0,  -3638388.507,  -5710429.775,  0.000
3659.0,  -3631915.440,  -5714548.950,  0.000
3660.0,  -3625437.709,  -5718660.787,  0.000
3661.0,  -3618955.323,  -5722765.281,  0.000
3662.0,  -3612468.290,  -5726862.427,  0.000
3663.0,  -3605976.619,  -5730952.220,  0.000
3664.0,  -3599480.317,  -5735034.653,  0.000
3665.0,  -3592979.394,  -5739109.723,  0.000
3666.0,  -3586473.858,  -5743177.424,  0.000
3667.0,  -3579963.716,  -5747237.751,  0.000
3668.0,  -3573448.977,  -5751290.698,  0.000
3669.0,  -3566929.650,  -5755336.260,  0.000
3670.0,  -3560405.743,  -5759374.432,  0.000
3671.0,  -3553877.264,  -5763405.209,  0.000
3672.0,  -3547344.222,  -5767428.585,  0.000
3673.0,  -3540806.626,  -5771444.556,  0.000
3674.0,  -3534264.482,  -5775453.117,  0.000
3675.0,  -3527717.801,  -5779454.261,  0.000
3676.0,  -3521166.590,  -5783447.985,  0.000
3677.0,  -3514610.858,  -5787434.282,  0.000
3678.0,  -3508050.613,  -5791413.149,  0.000
3679.0,  -3501485.863,  -5795384.579,  0.000
3680.0,  -3494916.617,  -5799348.567,  0.000
3681.0,  -3488342.884,  -5803305.109,  0.000
3682.0,  -3481764.672,  -5807254.200,  0.000
3683.0,  -3475181.989,  -5811195.834,  0.000
3684.0,  -3468594.844,  -5815130.006,  0.000
3685.0,  -3462003.245,  -5819056.711,  0.000
3686.0,  -3455407.201,  -5822975.945,  0.000
3687.0,  -3448806.720,  -5826887.701,  0.000
3688.0,  -3442201.811,  -5830791.976,  0.000
3689.0,  -3435592.482,  -5834688.764,  0.000
3690.0,  -3428978.741,  -5838578.061,  0.000
3691.0,  -3422360.598,  -5842459.860,  0.000
3692.0,  -3415738.060,  -5846334.157,  0.000
3693.0,  -3409111.136,  -5850200.948,  0.000
3694.0,  -3402479.835,  -5854060.227,  0.000
3695.0,  -3395844.165,  -5857911.989,  0.000
3696.0,  -3389204.135,  -5861756.229,  0.000
3697.0,  -3382559.753,  -5865592.943,  0.000
3698.0,  -3375911.027,  -5869422.125,  0.000
3699.0,  -3369257.967,  -5873243.770,  0.000
3700.0,  -3362600.581,  -5877057.875,  0.000
3701.0,  -3355938.877,  -5880864.433,  0.000
3702.0,  -3349272.863,  -5884663.440,  0.000
3703.0,  -3342602.550,  -5888454.890,  0.000
3704.0,  -3335927.944,  -5892238.780,  0.000
3705.0,  -3329249.055,  -5896015.104,  0.000
3706.0,  -3322565.891,  -5899783.858,  0.000
3707.0,  -3315878.461,  -5903545.036,  0.000
3708.0,  -3309186.773,  -5907298.634,  0.000
3709.0,  -3302490.836,  -5911044.646,  0.000
3710.0,  -3295790.659,  -5914783.069,  0.000
3711.0,  -3289086.250,  -5918513.897,  0.000
3712.0,  -3282377.617,  -5922237.126,  0.000
3713.0,  -3275664.770,  -5925952.750,  0.000
3714.0,  -3268947.717,  -5929660.765,  0.000
3715.0,  -3262226.466,  -5933361.166,  0.000
3716.0,  -3255501.027,  -5937053.949,  0.000
3717.0,  -3248771.408,  -5940739.109,  0.000
3718.0,  -3242037.617,  -5944416.640,  0.000
3719.0,  -3235299.663,  -5948086.539,  0.000
3720.0,  -3228557.555,  -5951748.800,  0.000
3721.0,  -3221811.301,  -5955403.419,  0.000
3722.0,  -3215060.911,  -5959050.391,  0.000
3723.0,  -3208306.392,  -5962689.711,  0.000
3724.0,  -3201547.754,  -5966321.376,  0.000
3725.0,  -3194785.005,  -5969945.379,  0.000
3726.0,  -3188018.153,  -5973561.717,  0.000
3727.0,  -3181247.209,  -5977170.385,  0.000
3728.0,  -3174472.179,  -5980771.377,  0.000
3729.0,  -3167693.074,  -5984364.691,  0.000
3730.0,  -3160909.901,  -5987950.320,  0.000
3731.0,  -3154122.669,  -5991528.261,  0.000
3732.0,  -3147331.387,  -5995098.508,  0.000
3733.0,  -3140536.064,  -5998661.058,  0.000
3734.0,  -3133736.709,  -6002215.905,  0.000
3735.0,  -3126933.330,  -6005763.045,  0.000
3736.0,  -3120125.935,  -6009302.474,  0.000
3737.0,  -3113314.535,  -6012834.186,  0.000
3738.0,  -3106499.137,  -6016358.178,  0.000
3739.0,  -3099679.750,  -6019874.445,  0.000
3740.0,  -3092856.383,  -6023382.982,  0.000
3741.0,  -3086029.044,  -6026883.785,  0.000
3742.0,  -3079197.743,  -6030376.850,  0.000
3743.0,  -3072362.489,  -6033862.171,  0.000
3744.0,  -3065523.289,  -6037339.744,  0.000
3745.0,  -3058680.153,  -6040809.566,  0.000
3746.0,  -3051833.090,  -6044271.631,  0.000
3747.0,  -3044982.108,  -6047725.935,  0.000
3748.0,  -3038127.217,  -6051172.473,  0.000
3749.0,  -3031268.424,  -6054611.242,  0.000
3750.0,  -3024405.739,  -6058042.237,  0.000
3751.0,  -3017539.171,  -6061465.452,  0.000
3752.0,  -3010668.728,  -6064880.885,  0.000
3753.0,  -3003794.419,  -6068288.530,  0.000
3754.0,  -2996916.254,  -6071688.384,  0.000
3755.0,  -2990034.240,  -6075080.441,  0.000
3756.0,  -2983148.387,  -6078464.698,  0.000
3757.0,  -2976258.703,  -6081841.150,  0.000
3758.0,  -2969365.198,  -6085209.792,  0.000
3759.0,  -2962467.881,  -6088570.621,  0.000
3760.0,  -2955566.759,  -6091923.633,  0.000
3761.0,  -2948661.843,  -6095268.822,  0.000
3762.0,  -2941753.140,  -6098606.184,  0.000
3763.0,  -2934840.660,  -6101935.716,  0.000
3764.0,  -2927924.411,  -6105257.413,  0.000
3765.0,  -2921004.403,  -6108571.271,  0.000
3766.0,  -2914080.645,  -6111877.285,  0.000
3767.0,  -2907153.144,  -6115175.451,  0.000
3768.0,  -2900221.911,  -6118465.765,  0.000
3769.0,  -2893286.954,  -6121748.223,  0.000
3770.0,  -2886348.282,  -6125022.820,  0.000
3771.0,  -2879405.903,  -6128289.553,  0.000
3772.0,  -2872459.828,  -6131548.417,  0.000
3773.0,  -2865510.064,  -6134799.408,  0.000
3774.0,  -2858556.621,  -6138042.522,  0.000
3775.0,  -2851599.507,  -6141277.754,  0.000
3776.0,  -2844638.732,  -6144505.101,  0.000
3777.0,  -2837674.304,  -6147724.558,  0.000
3778.0,  -2830706.233,  -6150936.121,  0.000
3779.0,  -2823734.527,  -6154139.786,  0.000
3780.0,  -2816759.195,  -6157335.550,  0.000
3781.0,  -2809780.246,  -6160523.407,  0.000
3782.0,  -2802797.690,  -6163703.354,  0.000
3783.0,  -2795811.534,  -6166875.386,  0.000
3784.0,  -2788821.789,  -6170039.500,  0.000
3785.0,  -2781828.463,  -6173195.692,  0.000
3786.0,  -2774831.565,  -6176343.957,  0.000
3787.0,  -2767831.104,  -6179484.292,  0.000
3788.0,  -2760827.089,  -6182616.692,  0.000
3789.0,  -2753819.529,  -6185741.153,  0.000
3790.0,  -2746808.433,  -6188857.672,  0.000
3791.0,  -2739793.811,  -6191966.244,  0.000
3792.0,  -2732775.670,  -6195066.865,  0.000
3793.0,  -2725754.020,  -6198159.532,  0.000
3794.0,  -2718728.870,  -6201244.241,  0.000
3795.0,  -2711700.230,  -6204320.986,  0.000
3796.0,  -2704668.107,  -6207389.766,  0.000
3797.0,  -2697632.512,  -6210450.574,  0.000
3798.0,  -2690593.453,  -6213503.409,  0.000
3799.0,  -2683550.939,  -6216548.265,  0.000
3800.0,  -2676504.980,  -6219585.139,  0.000
3801.0,  -2669455.583,  -6222614.027,  0.000
3802.0,  -2662402.759,  -6225634.925,  0.000
3803.0,  -2655346.517,  -6228647.829,  0.000
3804.0,  -2648286.865,  -6231652.736,  0.000
3805.0,  -2641223.812,  -6234649.640,  0.000
3806.0,  -2634157.368,  -6237638.540,  0.000
3807.0,  -2627087.542,  -6240619.430,  0.000
3808.0,  -2620014.342,  -6243592.307,  0.000
3809.0,  -2612937.779,  -6246557.167,  0.000
3810.0,  -2605857.860,  -6249514.007,  0.000
3811.0,  -2598774.595,  -6252462.821,  0.000
3812.0,  -2591687.994,  -6255403.608,  0.000
3813.0,  -2584598.064,  -6258336.363,  0.000
3814.0,  -2577504.816,  -6261261.081,  0.000
3815.0,  -2570408.259,  -6264177.760,  0.000
3816.0,  -2563308.401,  -6267086.396,  0.000
3817.0,  -2556205.251,  -6269986.985,  0.000
3818.0,  -2549098.820,  -6272879.523,  0.000
3819.0,  -2541989.115,  -6275764.006,  0.000
3820.0,  -2534876.146,  -6278640.431,  0.000
3821.0,  -2527759.923,  -6281508.794,  0.000
3822.0,  -2520640.454,  -6284369.092,  0.000
3823.0,  -2513517.748,  -6287221.320,  0.000
3824.0,  -2506391.815,  -6290065.476,  0.000
3825.0,  -2499262.663,  -6292901.555,  0.000
3826.0,  -2492130.302,  -6295729.553,  0.000
3827.0,  -2484994.742,  -6298549.468,  0.000
3828.0,  -2477855.991,  -6301361.295,  0.000
3829.0,  -2470714.058,  -6304165.031,  0.000
3830.0,  -2463568.952,  -6306960.673,  0.000
3831.0,  -2456420.684,  -6309748.216,  0.000
3832.0,  -2449269.261,  -6312527.658,  0.000
3833.0,  -2442114.693,  -6315298.994,  0.000
3834.0,  -2434956.990,  -6318062.221,  0.000
3835.0,  -2427796.160,  -6320817.335,  0.000
3836.0,  -2420632.213,  -6323564.333,  0.000
3837.0,  -2413465.157,  -6326303.212,  0.000
3838.0,  -2406295.003,  -6329033.968,  0.000
3839.0,  -2399121.759,  -6331756.597,  0.000
3840.0,  -2391945.434,  -6334471.096,  0.000
3841.0,  -2384766.038,  -6337177.461,  0.000
3842.0,  -2377583.580,  -6339875.690,  0.000
3843.0,  -2370398.069,  -6342565.777,  0.000
3844.0,  -2363209.515,  -6345247.721,  0.000
3845.0,  -2356017.926,  -6347921.517,  0.000
3846.0,  -2348823.311,  -6350587.163,  0.000
3847.0,  -2341625.681,  -6353244.654,  0.000
3848.0,  -2334425.045,  -6355893.987,  0.000
3849.0,  -2327221.410,  -6358535.160,  0.000
3850.0,  -2320014.788,  -6361168.168,  0.000
3851.0,  -2312805.187,  -6363793.008,  0.000
3852.0,  -2305592.616,  -6366409.676,  0.000
3853.0,  -2298377.084,  -6369018.170,  0.000
3854.0,  -2291158.601,  -6371618.486,  0.000
3855.0,  -2283937.177,  -6374210.621,  0.000
3856.0,  -2276712.820,  -6376794.572,  0.000
3857.0,  -2269485.539,  -6379370.334,  0.000
3858.0,  -2262255.344,  -6381937.905,  0.000
3859.0,  -2255022.245,  -6384497.281,  0.000
3860.0,  -2247786.250,  -6387048.460,  0.000
3861.0,  -2240547.369,  -6389591.438,  0.000
3862.0,  -2233305.611,  -6392126.211,  0.000
3863.0,  -2226060.985,  -6394652.776,  0.000
3864.0,  -2218813.502,  -6397171.131,  0.000
3865.0,  -2211563.169,  -6399681.272,  0.000
3866.0,  -2204309.996,  -6402183.195,  0.000
3867.0,  -2197053.993,  -6404676.898,  0.000
3868.0,  -2189795.169,  -6407162.377,  0.000
3869.0,  -2182533.533,  -6409639.629,  0.000
3870.0,  -2175269.095,  -6412108.650,  0.000
3871.0,  -2168001.863,  -6414569.439,  0.000
3872.0,  -2160731.848,  -6417021.991,  0.000
3873.0,  -2153459.059,  -6419466.304,  0.000
3874.0,  -2146183.504,  -6421902.374,  0.000
3875.0,  -2138905.194,  -6424330.198,  0.000
3876.0,  -2131624.137,  -6426749.773,  0.000
3877.0,  -2124340.343,  -6429161.096,  0.000
3878.0,  -2117053.822,  -6431564.163,  0.000
3879.0,  -2109764.582,  -6433958.973,  0.000
3880.0,  -2102472.633,  -6436345.521,  0.000
3881.0,  -2095177.985,  -6438723.805,  0.000
3882.0,  -2087880.646,  -6441093.821,  0.000
3883.0,  -2080580.626,  -6443455.567,  0.000
3884.0,  -2073277.935,  -6445809.039,  0.000
3885.0,  -2065972.582,  -6448154.235,  0.000
3886.0,  -2058664.576,  -6450491.151,  0.000
3887.0,  -2051353.927,  -6452819.784,  0.000
3888.0,  -2044040.644,  -6455140.132,  0.000
3889.0,  -2036724.736,  -6457452.192,  0.000
3890.0,  -2029406.212,  -6459755.960,  0.000
3891.0,  -2022085.084,  -6462051.433,  0.000
3892.0,  -2014761.358,  -6464338.609,  0.000
3893.0,  -2007435.046,  -6466617.485,  0.000
3894.0,  -2000106.156,  -6468888.058,  0.000
3895.0,  -1992774.698,  -6471150.324,  0.000
3896.0,  -1985440.681,  -6473404.281,  0.000
3897.0,  -1978104.115,  -6475649.926,  0.000
3898.0,  -1970765.009,  -6477887.256,  0.000
3899.0,  -1963423.372,  -6480116.269,  0.000
3900.0,  -1956079.214,  -6482336.961,  0.000
3901.0,  -1948732.545,  -6484549.329,  0.000
3902.0,  -1941383.373,  -6486753.372,  0.000
3903.0,  -1934031.709,  -6488949.085,  0.000
3904.0,  -1926677.561,  -6491136.466,  0.000
3905.0,  -1919320.940,  -6493315.512,  0.000
3906.0,  -1911961.854,  -6495486.221,  0.000
3907.0,  -1904600.313,  -6497648.589,  0.000
3908.0,  -1897236.326,  -6499802.615,  0.000
3909.0,  -1889869.904,  -6501948.294,  0.000
3910.0,  -1882501.054,  -6504085.625,  0.000
3911.0,  -1875129.788,  -6506214.605,  0.000
3912.0,  -1867756.114,  -6508335.230,  0.000
3913.0,  -1860380.041,  -6510447.498,  0.000
3914.0,  -1853001.580,  -6512551.407,  0.000
3915.0,  -1845620.739,  -6514646.954,  0.000
3916.0,  -1838237.529,  -6516734.136,  0.000
3917.0,  -1830851.959,  -6518812.950,  0.000
3918.0,  -1823464.037,  -6520883.394,  0.000
3919.0,  -1816073.774,  -6522945.464,  0.000
3920.0,  -1808681.180,  -6524999.160,  0.000
3921.0,  -1801286.262,  -6527044.477,  0.000
3922.0,  -1793889.032,  -6529081.413,  0.000
3923.0,  -1786489.499,  -6531109.965,  0.000
3924.0,  -1779087.672,  -6533130.132,  0.000
3925.0,  -1771683.560,  -6535141.910,  0.000
3926.0,  -1764277.174,  -6537145.297,  0.000
3927.0,  -1756868.522,  -6539140.289,  0.000
3928.0,  -1749457.614,  -6541126.886,  0.000
3929.0,  -1742044.460,  -6543105.083,  0.000
3930.0,  -1734629.069,  -6545074.879,  0.000
3931.0,  -1727211.451,  -6547036.271,  0.000
3932.0,  -1719791.615,  -6548989.257,  0.000
3933.0,  -1712369.570,  -6550933.833,  0.000
3934.0,  -1704945.327,  -6552869.998,  0.000
3935.0,  -1697518.895,  -6554797.749,  0.000
3936.0,  -1690090.283,  -6556717.083,  0.000
3937.0,  -1682659.501,  -6558627.999,  0.000
3938.0,  -1675226.559,  -6560530.493,  0.000
3939.0,  -1667791.465,  -6562424.563,  0.000
3940.0,  -1660354.230,  -6564310.207,  0.000
3941.0,  -1652914.863,  -6566187.422,  0.000
3942.0,  -1645473.374,  -6568056.206,  0.000
3943.0,  -1638029.772,  -6569916.556,  0.000
3944.0,  -1630584.067,  -6571768.471,  0.000
3945.0,  -1623136.267,  -6573611.947,  0.000
3946.0,  -1615686.384,  -6575446.983,  0.000
3947.0,  -1608234.426,  -6577273.575,  0.000
3948.0,  -1600780.404,  -6579091.722,  0.000
3949.0,  -1593324.325,  -6580901.422,  0.000
3950.0,  -1585866.201,  -6582702.671,  0.000
3951.0,  -1578406.041,  -6584495.469,  0.000
3952.0,  -1570943.854,  -6586279.811,  0.000
3953.0,  -1563479.649,  -6588055.697,  0.000
3954.0,  -1556013.438,  -6589823.123,  0.000
3955.0,  -1548545.228,  -6591582.088,  0.000
3956.0,  -1541075.030,  -6593332.590,  0.000
3957.0,  -1533602.853,  -6595074.625,  0.000
3958.0,  -1526128.707,  -6596808.192,  0.000
3959.0,  -1518652.601,  -6598533.289,  0.000
3960.0,  -1511174.546,  -6600249.913,  0.000
3961.0,  -1503694.550,  -6601958.062,  0.000
3962.0,  -1496212.623,  -6603657.734,  0.000
3963.0,  -1488728.775,  -6605348.927,  0.000
3964.0,  -1481243.016,  -6607031.638,  0.000
3965.0,  -1473755.354,  -6608705.866,  0.000
3966.0,  -1466265.800,  -6610371.608,  0.000
3967.0,  -1458774.364,  -6612028.862,  0.000
3968.0,  -1451281.054,  -6613677.627,  0.000
3969.0,  -1443785.881,  -6615317.899,  0.000
3970.0,  -1436288.854,  -6616949.677,  0.000
3971.0,  -1428789.983,  -6618572.958,  0.000
3972.0,  -1421289.277,  -6620187.742,  0.000
3973.0,  -1413786.747,  -6621794.025,  0.000
3974.0,  -1406282.401,  -6623391.805,  0.000
3975.0,  -1398776.249,  -6624981.081,  0.000
3976.0,  -1391268.301,  -6626561.850,  0.000
3977.0,  -1383758.567,  -6628134.110,  0.000
3978.0,  -1376247.056,  -6629697.860,  0.000
3979.0,  -1368733.778,  -6631253.097,  0.000
3980.0,  -1361218.742,  -6632799.820,  0.000
3981.0,  -1353701.959,  -6634338.026,  0.000
3982.0,  -1346183.437,  -6635867.713,  0.000
3983.0,  -1338663.187,  -6637388.879,  0.000
3984.0,  -1331141.218,  -6638901.523,  0.000
3985.0,  -1323617.540,  -6640405.643,  0.000
3986.0,  -1316092.162,  -6641901.236,  0.000
3987.0,  -1308565.095,  -6643388.301,  0.000
3988.0,  -1301036.347,  -6644866.836,  0.000
3989.0,  -1293505.928,  -6646336.838,  0.000
3990.0,  -1285973.849,  -6647798.306,  0.000
3991.0,  -1278440.118,  -6649251.239,  0.000
3992.0,  -1270904.746,  -6650695.634,  0.000
3993.0,  -1263367.742,  -6652131.489,  0.000
3994.0,  -1255829.116,  -6653558.802,  0.000
3995.0,  -1248288.877,  -6654977.573,  0.000
3996.0,  -1240747.036,  -6656387.798,  0.000
3997.0,  -1233203.601,  -6657789.476,  0.000
3998.0,  -1225658.583,  -6659182.606,  0.000
3999.0,  -1218111.991,  -6660567.185,  0.000
4000.0,  -1210563.835,  -6661943.211,  0.000
4001.0,  -1203014.125,  -6663310.684,  0.000
4002.0,  -1195462.870,  -6664669.601,  0.000
4003.0,  -1187910.080,  -6666019.960,  0.000
4004.0,  -1180355.765,  -6667361.760,  0.000
4005.0,  -1172799.934,  -6668694.998,  0.000
4006.0,  -1165242.597,  -6670019.675,  0.000
4007.0,  -1157683.764,  -6671335.786,  0.000
4008.0,  -1150123.445,  -6672643.332,  0.000
4009.0,  -1142561.648,  -6673942.309,  0.000
4010.0,  -1134998.385,  -6675232.718,  0.000
4011.0,  -1127433.664,  -6676514.555,  0.000
4012.0,  -1119867.496,  -6677787.819,  0.000
4013.0,  -1112299.889,  -6679052.509,  0.000
4014.0,  -1104730.855,  -6680308.623,  0.000
4015.0,  -1097160.402,  -6681556.159,  0.000
4016.0,  -1089588.540,  -6682795.116,  0.000
4017.0,  -1082015.279,  -6684025.492,  0.000
4018.0,  -1074440.629,  -6685247.286,  0.000
4019.0,  -1066864.599,  -6686460.495,  0.000
4020.0,  -1059287.200,  -6687665.120,  0.000
4021.0,  -1051708.440,  -6688861.157,  0.000
4022.0,  -1044128.330,  -6690048.605,  0.000
4023.0,  -1036546.879,  -6691227.463,  0.000
4024.0,  -1028964.097,  -6692397.730,  0.000
4025.0,  -1021379.994,  -6693559.403,  0.000
4026.0,  -1013794.579,  -6694712.482,  0.000
4027.0,  -1006207.863,  -6695856.964,  0.000
4028.0,  -998619.855,  -6696992.849,  0.000
4029.0,  -991030.564,  -6698120.135,  0.000
4030.0,  -983440.001,  -6699238.821,  0.000
4031.0,  -975848.175,  -6700348.904,  0.000
4032.0,  -968255.097,  -6701450.384,  0.000
4033.0,  -960660.775,  -6702543.259,  0.000
4034.0,  -953065.219,  -6703627.528,  0.000
4035.0,  -945468.440,  -6704703.189,  0.000
4036.0,  -937870.446,  -6705770.242,  0.000
4037.0,  -930271.249,  -6706828.684,  0.000
4038.0,  -922670.857,  -6707878.514,  0.000
4039.0,  -915069.280,  -6708919.732,  0.000
4040.0,  -907466.528,  -6709952.335,  0.000
4041.0,  -899862.611,  -6710976.322,  0.000
4042.0,  -892257.539,  -6711991.692,  0.000
4043.0,  -884651.321,  -6712998.444,  0.000
4044.0,  -877043.967,  -6713996.576,  0.000
4045.0,  -869435.487,  -6714986.087,  0.000
4046.0,  -861825.890,  -6715966.976,  0.000
4047.0,  -854215.187,  -6716939.242,  0.000
4048.0,  -846603.387,  -6717902.883,  0.000
4049.0,  -838990.500,  -6718857.898,  0.000
4050.0,  -831376.536,  -6719804.286,  0.000
4051.0,  -823761.504,  -6720742.046,  0.000
4052.0,  -816145.415,  -6721671.176,  0.000
4053.0,  -808528.277,  -6722591.675,  0.000
4054.0,  -800910.102,  -6723503.542,  0.000
4055.0,  -793290.898,  -6724406.776,  0.000
4056.0,  -785670.675,  -6725301.376,  0.000
4057.0,  -778049.444,  -6726187.341,  0.000
4058.0,  -770427.213,  -6727064.668,  0.000
4059.0,  -762803.994,  -6727933.359,  0.000
4060.0,  -755179.795,  -6728793.410,  0.000
4061.0,  -747554.626,  -6729644.822,  0.000
4062.0,  -739928.497,  -6730487.592,  0.000
4063.0,  -732301.418,  -6731321.720,  0.000
4064.0,  -724673.399,  -6732147.206,  0.000
4065.0,  -717044.450,  -6732964.047,  0.000
4066.0,  -709414.580,  -6733772.243,  0.000
4067.0,  -701783.798,  -6734571.792,  0.000
4068.0,  -694152.116,  -6735362.694,  0.000
4069.0,  -686519.543,  -6736144.948,  0.000
4070.0,  -678886.088,  -6736918.552,  0.000
4071.0,  -671251.761,  -6737683.506,  0.000
4072.0,  -663616.572,  -6738439.809,  0.000
4073.0,  -655980.531,  -6739187.460,  0.000
4074.0,  -648343.648,  -6739926.457,  0.000
4075.0,  -640705.933,  -6740656.800,  0.000
4076.0,  -633067.395,  -6741378.488,  0.000
4077.0,  -625428.043,  -6742091.520,  0.000
4078.0,  -617787.889,  -6742795.895,  0.000
4079.0,  -610146.942,  -6743491.612,  0.000
4080.0,  -602505.211,  -6744178.670,  0.000
4081.0,  -594862.707,  -6744857.068,  0.000
4082.0,  -587219.438,  -6745526.806,  0.000
4083.0,  -579575.416,  -6746187.883,  0.000
4084.0,  -571930.649,  -6746840.297,  0.000
4085.0,  -564285.149,  -6747484.048,  0.000
4086.0,  -556638.923,  -6748119.136,  0.000
4087.0,  -548991.983,  -6748745.558,  0.000
4088.0,  -541344.338,  -6749363.315,  0.000
4089.0,  -533695.998,  -6749972.406,  0.000
4090.0,  -526046.972,  -6750572.830,  0.000
4091.0,  -518397.272,  -6751164.586,  0.000
4092.0,  -510746.905,  -6751747.673,  0.000
4093.0,  -503095.883,  -6752322.091,  0.000
4094.0,  -495444.214,  -6752887.838,  0.000
4095.0,  -487791.910,  -6753444.915,  0.000
4096.0,  -480138.979,  -6753993.320,  0.000
4097.0,  -472485.432,  -6754533.053,  0.000
4098.0,  -464831.278,  -6755064.113,  0.000
4099.0,  -457176.527,  -6755586.500,  0.000
4100.0,  -449521.189,  -6756100.212,  0.000
4101.0,  -441865.274,  -6756605.249,  0.000
4102.0,  -434208.791,  -6757101.611,  0.000
4103.0,  -426551.752,  -6757589.296,  0.000
4104.0,  -418894.164,  -6758068.304,  0.000
4105.0,  -411236.038,  -6758538.635,  0.000
4106.0,  -403577.385,  -6759000.288,  0.000
4107.0,  -395918.213,  -6759453.262,  0.000
4108.0,  -388258.533,  -6759897.557,  0.000
4109.0,  -380598.354,  -6760333.172,  0.000
4110.0,  -372937.687,  -6760760.106,  0.000
4111.0,  -365276.541,  -6761178.360,  0.000
4112.0,  -357614.925,  -6761587.932,  0.000
4113.0,  -349952.851,  -6761988.822,  0.000
4114.0,  -342290.327,  -6762381.029,  0.000
4115.0,  -334627.364,  -6762764.554,  0.000
4116.0,  -326963.971,  -6763139.395,  0.000
4117.0,  -319300.158,  -6763505.552,  0.000
4118.0,  -311635.935,  -6763863.024,  0.000
4119.0,  -303971.312,  -6764211.812,  0.000
4120.0,  -296306.299,  -6764551.914,  0.000
4121.0,  -288640.905,  -6764883.330,  0.000
4122.0,  -280975.141,  -6765206.061,  0.000
4123.0,  -273309.016,  -6765520.104,  0.000
4124.0,  -265642.540,  -6765825.460,  0.000
4125.0,  -257975.723,  -6766122.129,  0.000
4126.0,  -250308.574,  -6766410.110,  0.000
4127.0,  -242641.105,  -6766689.403,  0.000
4128.0,  -234973.323,  -6766960.008,  0.000
4129.0,  -227305.240,  -6767221.923,  0.000
4130.0,  -219636.865,  -6767475.149,  0.000
4131.0,  -211968.209,  -6767719.686,  0.000
4132.0,  -204299.279,  -6767955.532,  0.000
4133.0,  -196630.088,  -6768182.689,  0.000
4134.0,  -188960.644,  -6768401.155,  0.000
4135.0,  -181290.958,  -6768610.930,  0.000
4136.0,  -173621.038,  -6768812.014,  0.000
4137.0,  -165950.896,  -6769004.407,  0.000
4138.0,  -158280.541,  -6769188.108,  0.000
4139.0,  -150609.982,  -6769363.118,  0.000
4140.0,  -142939.230,  -6769529.436,  0.000
4141.0,  -135268.295,  -6769687.061,  0.000
4142.0,  -127597.186,  -6769835.994,  0.000
4143.0,  -119925.913,  -6769976.234,  0.000
4144.0,  -112254.486,  -6770107.782,  0.000
4145.0,  -104582.915,  -6770230.636,  0.000
4146.0,  -96911.209,  -6770344.798,  0.000
4147.0,  -89239.379,  -6770450.266,  0.000
4148.0,  -81567.435,  -6770547.041,  0.000
4149.0,  -73895.386,  -6770635.122,  0.000
4150.0,  -66223.242,  -6770714.510,  0.000
4151.0,  -58551.013,  -6770785.204,  0.000
4152.0,  -50878.708,  -6770847.204,  0.000
4153.0,  -43206.339,  -6770900.510,  0.000
4154.0,  -35533.914,  -6770945.123,  0.000
4155.0,  -27861.443,  -6770981.041,  0.000
4156.0,  -20188.937,  -6771008.265,  0.000
4157.0,  -12516.404,  -6771026.795,  0.000
4158.0,  -4843.856,  -6771036.631,  0.000
4159.0,  2828.699,  -6771037.773,  0.000
4160.0,  10501.250,  -6771030.220,  0.000
4161.0,  18173.788,  -6771013.974,  0.000
4162.0,  25846.302,  -6770989.033,  0.000
4163.0,  33518.783,  -6770955.398,  0.000
4164.0,  41191.221,  -6770913.069,  0.000
4165.0,  48863.606,  -6770862.047,  0.000
4166.0,  56535.928,  -6770802.330,  0.000
4167.0,  64208.178,  -6770733.919,  0.000
4168.0,  71880.345,  -6770656.815,  0.000
4169.0,  79552.421,  -6770571.017,  0.000
4170.0,  87224.393,  -6770476.525,  0.000
4171.0,  94896.254,  -6770373.340,  0.000
4172.0,  102567.993,  -6770261.462,  0.000
4173.0,  110239.601,  -6770140.891,  0.000
4174.0,  117911.066,  -6770011.626,  0.000
4175.0,  125582.381,  -6769873.669,  0.000
4176.0,  133253.534,  -6769727.019,  0.000
4177.0,  140924.516,  -6769571.677,  0.000
4178.0,  148595.317,  -6769407.642,  0.000
4179.0,  156265.927,  -6769234.915,  0.000
4180.0,  163936.337,  -6769053.497,  0.000
4181.0,  171606.536,  -6768863.387,  0.000
4182.0,  179276.515,  -6768664.585,  0.000
4183.0,  186946.264,  -6768457.093,  0.000
4184.0,  194615.772,  -6768240.909,  0.000
4185.0,  202285.031,  -6768016.035,  0.000
4186.0,  209954.030,  -6767782.471,  0.000
4187.0,  217622.759,  -6767540.217,  0.000
4188.0,  225291.209,  -6767289.273,  0.000
4189.0,  232959.370,  -6767029.640,  0.000
4190.0,  240627.231,  -6766761.317,  0.000
4191.0,  248294.784,  -6766484.306,  0.000
4192.0,  255962.018,  -6766198.607,  0.000
4193.0,  263628.923,  -6765904.220,  0.000
4194.0,  271295.489,  -6765601.145,  0.000
4195.0,  278961.707,  -6765289.384,  0.000
4196.0,  286627.567,  -6764968.935,  0.000
4197.0,  294293.059,  -6764639.800,  0.000
4198.0,  301958.174,  -6764301.979,  0.000
4199.0,  309622.900,  -6763955.473,  0.000
4200.0,  317287.229,  -6763600.281,  0.000
4201.0,  324951.150,  -6763236.405,  0.000
4202.0,  332614.654,  -6762863.845,  0.000
4203.0,  340277.731,  -6762482.601,  0.000
4204.0,  347940.372,  -6762092.674,  0.000
4205.0,  355602.565,  -6761694.064,  0.000
4206.0,  363264.302,  -6761286.772,  0.000
4207.0,  370925.572,  -6760870.799,  0.000
4208.0,  378586.366,  -6760446.144,  0.000
4209.0,  386246.674,  -6760012.809,  0.000
4210.0,  393906.486,  -6759570.794,  0.000
4211.0,  401565.793,  -6759120.099,  0.000
4212.0,  409224.583,  -6758660.726,  0.000
4213.0,  416882.848,  -6758192.674,  0.000
4214.0,  424540.578,  -6757715.945,  0.000
4215.0,  432197.763,  -6757230.539,  0.000
4216.0,  439854.393,  -6756736.456,  0.000
4217.0,  447510.458,  -6756233.697,  0.000
4218.0,  455165.948,  -6755722.264,  0.000
4219.0,  462820.854,  -6755202.155,  0.000
4220.0,  470475.166,  -6754673.373,  0.000
4221.0,  478128.874,  -6754135.918,  0.000
4222.0,  485781.967,  -6753589.791,  0.000
4223.0,  493434.437,  -6753034.991,  0.000
4224.0,  501086.274,  -6752471.521,  0.000
4225.0,  508737.467,  -6751899.380,  0.000
4226.0,  516388.006,  -6751318.570,  0.000
4227.0,  524037.883,  -6750729.091,  0.000
4228.0,  531687.087,  -6750130.944,  0.000
4229.0,  539335.608,  -6749524.129,  0.000
4230.0,  546983.436,  -6748908.648,  0.000
4231.0,  554630.563,  -6748284.501,  0.000
4232.0,  562276.977,  -6747651.690,  0.000
4233.0,  569922.669,  -6747010.214,  0.000
4234.0,  577567.629,  -6746360.075,  0.000
4235.0,  585211.848,  -6745701.273,  0.000
4236.0,  592855.315,  -6745033.810,  0.000
4237.0,  600498.021,  -6744357.686,  0.000
4238.0,  608139.956,  -6743672.902,  0.000
4239.0,  615781.110,  -6742979.459,  0.000
4240.0,  623421.474,  -6742277.358,  0.000
4241.0,  631061.037,  -6741566.600,  0.000
4242.0,  638699.789,  -6740847.186,  0.000
4243.0,  646337.722,  -6740119.116,  0.000
4244.0,  653974.825,  -6739382.391,  0.000
4245.0,  661611.088,  -6738637.014,  0.000
4246.0,  669246.501,  -6737882.983,  0.000
4247.0,  676881.055,  -6737120.301,  0.000
4248.0,  684514.740,  -6736348.969,  0.000
4249.0,  692147.546,  -6735568.986,  0.000
4250.0,  699779.463,  -6734780.356,  0.000
4251.0,  707410.482,  -6733983.077,  0.000
4252.0,  715040.593,  -6733177.152,  0.000
4253.0,  722669.785,  -6732362.582,  0.000
4254.0,  730298.049,  -6731539.367,  0.000
4255.0,  737925.376,  -6730707.508,  0.000
4256.0,  745551.755,  -6729867.008,  0.000
4257.0,  753177.177,  -6729017.866,  0.000
4258.0,  760801.632,  -6728160.083,  0.000
4259.0,  768425.110,  -6727293.662,  0.000
4260.0,  776047.601,  -6726418.603,  0.000
4261.0,  783669.095,  -6725534.906,  0.000
4262.0,  791289.584,  -6724642.574,  0.000
4263.0,  798909.056,  -6723741.608,  0.000
4264.0,  806527.503,  -6722832.008,  0.000
4265.0,  814144.914,  -6721913.776,  0.000
4266.0,  821761.280,  -6720986.912,  0.000
4267.0,  829376.590,  -6720051.419,  0.000
4268.0,  836990.836,  -6719107.297,  0.000
4269.0,  844604.007,  -6718154.548,  0.000
4270.0,  852216.093,  -6717193.173,  0.000
4271.0,  859827.085,  -6716223.172,  0.000
4272.0,  867436.973,  -6715244.548,  0.000
4273.0,  875045.748,  -6714257.301,  0.000
4274.0,  882653.398,  -6713261.433,  0.000
4275.0,  890259.916,  -6712256.945,  0.000
4276.0,  897865.290,  -6711243.838,  0.000
4277.0,  905469.511,  -6710222.114,  0.000
4278.0,  913072.570,  -6709191.774,  0.000
4279.0,  920674.456,  -6708152.819,  0.000
4280.0,  928275.160,  -6707105.250,  0.000
4281.0,  935874.673,  -6706049.070,  0.000
4282.0,  943472.983,  -6704984.279,  0.000
4283.0,  951070.082,  -6703910.878,  0.000
4284.0,  958665.960,  -6702828.870,  0.000
4285.0,  966260.607,  -6701738.255,  0.000
4286.0,  973854.013,  -6700639.035,  0.000
4287.0,  981446.169,  -6699531.211,  0.000
4288.0,  989037.065,  -6698414.785,  0.000
4289.0,  996626.690,  -6697289.758,  0.000
4290.0,  1004215.036,  -6696156.131,  0.000
4291.0,  1011802.093,  -6695013.907,  0.000
4292.0,  1019387.850,  -6693863.086,  0.000
4293.0,  1026972.299,  -6692703.669,  0.000
4294.0,  1034555.429,  -6691535.660,  0.000
4295.0,  1042137.230,  -6690359.058,  0.000
4296.0,  1049717.693,  -6689173.865,  0.000
4297.0,  1057296.809,  -6687980.084,  0.000
4298.0,  1064874.567,  -6686777.715,  0.000
4299.0,  1072450.957,  -6685566.760,  0.000
4300.0,  1080025.971,  -6684347.221,  0.000
4301.0,  1087599.597,  -6683119.099,  0.000
4302.0,  1095171.827,  -6681882.395,  0.000
4303.0,  1102742.651,  -6680637.112,  0.000
4304.0,  1110312.059,  -6679383.251,  0.000
4305.0,  1117880.042,  -6678120.814,  0.000
4306.0,  1125446.589,  -6676849.801,  0.000
4307.0,  1133011.691,  -6675570.216,  0.000
4308.0,  1140575.338,  -6674282.058,  0.000
4309.0,  1148137.520,  -6672985.331,  0.000
4310.0,  1155698.229,  -6671680.036,  0.000
4311.0,  1163257.453,  -6670366.174,  0.000
4312.0,  1170815.184,  -6669043.747,  0.000
4313.0,  1178371.411,  -6667712.757,  0.000
4314.0,  1185926.125,  -6666373.205,  0.000
4315.0,  1193479.317,  -6665025.094,  0.000
4316.0,  1201030.976,  -6663668.425,  0.000
4317.0,  1208581.093,  -6662303.199,  0.000
4318.0,  1216129.658,  -6660929.419,  0.000
4319.0,  1223676.662,  -6659547.086,  0.000
4320.0,  1231222.094,  -6658156.202,  0.000
4321.0,  1238765.946,  -6656756.769,  0.000
4322.0,  1246308.207,  -6655348.788,  0.000
4323.0,  1253848.867,  -6653932.262,  0.000
4324.0,  1261387.918,  -6652507.192,  0.000
4325.0,  1268925.349,  -6651073.581,  0.000
4326.0,  1276461.150,  -6649631.429,  0.000
4327.0,  1283995.313,  -6648180.738,  0.000
4328.0,  1291527.827,  -6646721.512,  0.000
4329.0,  1299058.682,  -6645253.750,  0.000
4330.0,  1306587.870,  -6643777.457,  0.000
4331.0,  1314115.380,  -6642292.632,  0.000
4332.0,  1321641.202,  -6640799.279,  0.000
4333.0,  1329165.328,  -6639297.398,  0.000
4334.0,  1336687.747,  -6637786.993,  0.000
4335.0,  1344208.449,  -6636268.064,  0.000
4336.0,  1351727.426,  -6634740.615,  0.000
4337.0,  1359244.667,  -6633204.646,  0.000
4338.0,  1366760.162,  -6631660.160,  0.000
4339.0,  1374273.903,  -6630107.159,  0.000
4340.0,  1381785.879,  -6628545.645,  0.000
4341.0,  1389296.081,  -6626975.620,  0.000
4342.0,  1396804.499,  -6625397.085,  0.000
4343.0,  1404311.123,  -6623810.043,  0.000
4344.0,  1411815.944,  -6622214.497,  0.000
4345.0,  1419318.953,  -6620610.447,  0.000
4346.0,  1426820.139,  -6618997.896,  0.000
4347.0,  1434319.493,  -6617376.846,  0.000
4348.0,  1441817.005,  -6615747.299,  0.000
4349.0,  1449312.666,  -6614109.258,  0.000
4350.0,  1456806.466,  -6612462.724,  0.000
4351.0,  1464298.395,  -6610807.699,  0.000
4352.0,  1471788.444,  -6609144.186,  0.000
4353.0,  1479276.604,  -6607472.187,  0.000
4354.0,  1486762.864,  -6605791.703,  0.000
4355.0,  1494247.215,  -6604102.738,  0.000
4356.0,  1501729.647,  -6602405.293,  0.000
4357.0,  1509210.151,  -6600699.370,  0.000
4358.0,  1516688.717,  -6598984.971,  0.000
4359.0,  1524165.336,  -6597262.100,  0.000
4360.0,  1531639.997,  -6595530.757,  0.000
4361.0,  1539112.692,  -6593790.946,  0.000
4362.0,  1546583.411,  -6592042.668,  0.000
4363.0,  1554052.144,  -6590285.926,  0.000
4364.0,  1561518.881,  -6588520.721,  0.000
4365.0,  1568983.614,  -6586747.057,  0.000
4366.0,  1576446.332,  -6584964.936,  0.000
4367.0,  1583907.025,  -6583174.359,  0.000
4368.0,  1591365.685,  -6581375.329,  0.000
4369.0,  1598822.302,  -6579567.849,  0.000
4370.0,  1606276.865,  -6577751.920,  0.000
4371.0,  1613729.366,  -6575927.545,  0.000
4372.0,  1621179.795,  -6574094.727,  0.000
4373.0,  1628628.143,  -6572253.467,  0.000
4374.0,  1636074.399,  -6570403.769,  0.000
4375.0,  1643518.555,  -6568545.634,  0.000
4376.0,  1650960.600,  -6566679.065,  0.000
4377.0,  1658400.525,  -6564804.064,  0.000
4378.0,  1665838.321,  -6562920.633,  0.000
4379.0,  1673273.978,  -6561028.776,  0.000
4380.0,  1680707.486,  -6559128.494,  0.000
4381.0,  1688138.836,  -6557219.791,  0.000
4382.0,  1695568.019,  -6555302.667,  0.000
4383.0,  1702995.025,  -6553377.127,  0.000
4384.0,  1710419.844,  -6551443.171,  0.000
4385.0,  1717842.466,  -6549500.804,  0.000
4386.0,  1725262.883,  -6547550.027,  0.000
4387.0,  1732681.085,  -6545590.843,  0.000
4388.0,  1740097.062,  -6543623.254,  0.000
4389.0,  1747510.804,  -6541647.262,  0.000
4390.0,  1754922.303,  -6539662.872,  0.000
4391.0,  1762331.548,  -6537670.084,  0.000
4392.0,  1769738.531,  -6535668.902,  0.000
4393.0,  1777143.241,  -6533659.327,  0.000
4394.0,  1784545.669,  -6531641.364,  0.000
4395.0,  1791945.806,  -6529615.013,  0.000
4396.0,  1799343.642,  -6527580.279,  0.000
4397.0,  1806739.167,  -6525537.163,  0.000
4398.0,  1814132.373,  -6523485.668,  0.000
4399.0,  1821523.249,  -6521425.797,  0.000
4400.0,  1828911.786,  -6519357.552,  0.000
4401.0,  1836297.975,  -6517280.936,  0.000
4402.0,  1843681.806,  -6515195.951,  0.000
4403.0,  1851063.270,  -6513102.601,  0.000
4404.0,  1858442.357,  -6511000.889,  0.000
4405.0,  1865819.058,  -6508890.815,  0.000
4406.0,  1873193.363,  -6506772.385,  0.000
4407.0,  1880565.263,  -6504645.599,  0.000
4408.0,  1887934.748,  -6502510.462,  0.000
4409.0,  1895301.809,  -6500366.975,  0.000
4410.0,  1902666.436,  -6498215.141,  0.000
4411.0,  1910028.620,  -6496054.964,  0.000
4412.0,  1917388.352,  -6493886.445,  0.000
4413.0,  1924745.622,  -6491709.588,  0.000
4414.0,  1932100.420,  -6489524.396,  0.000
4415.0,  1939452.738,  -6487330.871,  0.000
4416.0,  1946802.565,  -6485129.016,  0.000
4417.0,  1954149.892,  -6482918.834,  0.000
4418.0,  1961494.711,  -6480700.328,  0.000
4419.0,  1968837.010,  -6478473.501,  0.000
4420.0,  1976176.782,  -6476238.355,  0.000
4421.0,  1983514.016,  -6473994.893,  0.000
4422.0,  1990848.704,  -6471743.119,  0.000
4423.0,  1998180.835,  -6469483.034,  0.000
4424.0,  2005510.400,  -6467214.643,  0.000
4425.0,  2012837.390,  -6464937.948,  0.000
4426.0,  2020161.796,  -6462652.952,  0.000
4427.0,  2027483.608,  -6460359.657,  0.000
4428.0,  2034802.816,  -6458058.068,  0.000
4429.0,  2042119.412,  -6455748.186,  0.000
4430.0,  2049433.385,  -6453430.014,  0.000
4431.0,  2056744.727,  -6451103.557,  0.000
4432.0,  2064053.429,  -6448768.815,  0.000
4433.0,  2071359.479,  -6446425.794,  0.000
4434.0,  2078662.871,  -6444074.495,  0.000
4435.0,  2085963.593,  -6441714.922,  0.000
4436.0,  2093261.637,  -6439347.078,  0.000
4437.0,  2100556.992,  -6436970.965,  0.000
4438.0,  2107849.651,  -6434586.587,  0.000
4439.0,  2115139.603,  -6432193.947,  0.000
4440.0,  2122426.840,  -6429793.048,  0.000
4441.0,  2129711.351,  -6427383.893,  0.000
4442.0,  2136993.127,  -6424966.485,  0.000
4443.0,  2144272.160,  -6422540.828,  0.000
4444.0,  2151548.439,  -6420106.923,  0.000
4445.0,  2158821.956,  -6417664.775,  0.000
4446.0,  2166092.701,  -6415214.387,  0.000
4447.0,  2173360.664,  -6412755.761,  0.000
4448.0,  2180625.837,  -6410288.901,  0.000
4449.0,  2187888.210,  -6407813.811,  0.000
4450.0,  2195147.773,  -6405330.492,  0.000
4451.0,  2202404.518,  -6402838.949,  0.000
4452.0,  2209658.435,  -6400339.185,  0.000
4453.0,  2216909.514,  -6397831.202,  0.000
4454.0,  2224157.748,  -6395315.004,  0.000
4455.0,  2231403.125,  -6392790.595,  0.000
4456.0,  2238645.637,  -6390257.977,  0.000
4457.0,  2245885.274,  -6387717.154,  0.000
4458.0,  2253122.028,  -6385168.129,  0.000
4459.0,  2260355.889,  -6382610.905,  0.000
4460.0,  2267586.848,  -6380045.486,  0.000
4461.0,  2274814.894,  -6377471.875,  0.000
4462.0,  2282040.020,  -6374890.075,  0.000
4463.0,  2289262.216,  -6372300.090,  0.000
4464.0,  2296481.472,  -6369701.922,  0.000
4465.0,  2303697.780,  -6367095.575,  0.000
4466.0,  2310911.129,  -6364481.053,  0.000
4467.0,  2318121.511,  -6361858.359,  0.000
4468.0,  2325328.917,  -6359227.496,  0.000
4469.0,  2332533.337,  -6356588.468,  0.000
4470.0,  2339734.762,  -6353941.278,  0.000
4471.0,  2346933.183,  -6351285.929,  0.000
4472.0,  2354128.590,  -6348622.425,  0.000
4473.0,  2361320.974,  -6345950.769,  0.000
4474.0,  2368510.327,  -6343270.965,  0.000
4475.0,  2375696.638,  -6340583.015,  0.000
4476.0,  2382879.899,  -6337886.925,  0.000
4477.0,  2390060.100,  -6335182.696,  0.000
4478.0,  2397237.232,  -6332470.333,  0.000
4479.0,  2404411.286,  -6329749.839,  0.000
4480.0,  2411582.253,  -6327021.218,  0.000
4481.0,  2418750.123,  -6324284.472,  0.000
4482.0,  2425914.888,  -6321539.606,  0.000
4483.0,  2433076.537,  -6318786.623,  0.000
4484.0,  2440235.063,  -6316025.526,  0.000
4485.0,  2447390.455,  -6313256.320,  0.000
4486.0,  2454542.704,  -6310479.007,  0.000
4487.0,  2461691.802,  -6307693.591,  0.000
4488.0,  2468837.739,  -6304900.076,  0.000
4489.0,  2475980.506,  -6302098.466,  0.000
4490.0,  2483120.094,  -6299288.763,  0.000
4491.0,  2490256.494,  -6296470.972,  0.000
4492.0,  2497389.696,  -6293645.096,  0.000
4493.0,  2504519.691,  -6290811.139,  0.000
4494.0,  2511646.470,  -6287969.105,  0.000
4495.0,  2518770.025,  -6285118.996,  0.000
4496.0,  2525890.345,  -6282260.818,  0.000
4497.0,  2533007.422,  -6279394.573,  0.000
4498.0,  2540121.246,  -6276520.264,  0.000
4499.0,  2547231.809,  -6273637.897,  0.000
4500.0,  2554339.101,  -6270747.474,  0.000
4501.0,  2561443.114,  -6267849.000,  0.000
4502.0,  2568543.837,  -6264942.477,  0.000
4503.0,  2575641.262,  -6262027.910,  0.000
4504.0,  2582735.380,  -6259105.303,  0.000
4505.0,  2589826.182,  -6256174.659,  0.000
4506.0,  2596913.659,  -6253235.981,  0.000
4507.0,  2603997.801,  -6250289.275,  0.000
4508.0,  2611078.599,  -6247334.542,  0.000
4509.0,  2618156.045,  -6244371.789,  0.000
4510.0,  2625230.129,  -6241401.017,  0.000
4511.0,  2632300.842,  -6238422.231,  0.000
4512.0,  2639368.175,  -6235435.435,  0.000
4513.0,  2646432.119,  -6232440.632,  0.000
4514.0,  2653492.665,  -6229437.827,  0.000
4515.0,  2660549.804,  -6226427.023,  0.000
4516.0,  2667603.527,  -6223408.224,  0.000
4517.0,  2674653.824,  -6220381.434,  0.000
4518.0,  2681700.687,  -6217346.657,  0.000
4519.0,  2688744.107,  -6214303.897,  0.000
4520.0,  2695784.075,  -6211253.158,  0.000
4521.0,  2702820.581,  -6208194.443,  0.000
4522.0,  2709853.616,  -6205127.757,  0.000
4523.0,  2716883.172,  -6202053.103,  0.000
4524.0,  2723909.239,  -6198970.486,  0.000
4525.0,  2730931.809,  -6195879.909,  0.000
4526.0,  2737950.872,  -6192781.376,  0.000
4527.0,  2744966.420,  -6189674.892,  0.000
4528.0,  2751978.443,  -6186560.460,  0.000
4529.0,  2758986.933,  -6183438.084,  0.000
4530.0,  2765991.880,  -6180307.769,  0.000
4531.0,  2772993.275,  -6177169.518,  0.000
4532.0,  2779991.109,  -6174023.335,  0.000
4533.0,  2786985.375,  -6170869.225,  0.000
4534.0,  2793976.061,  -6167707.191,  0.000
4535.0,  2800963.160,  -6164537.238,  0.000
4536.0,  2807946.663,  -6161359.369,  0.000
4537.0,  2814926.560,  -6158173.589,  0.000
4538.0,  2821902.842,  -6154979.902,  0.000
4539.0,  2828875.502,  -6151778.312,  0.000
4540.0,  2835844.529,  -6148568.823,  0.000
4541.0,  2842809.914,  -6145351.438,  0.000
4542.0,  2849771.650,  -6142126.164,  0.000
4543.0,  2856729.726,  -6138893.002,  0.000
4544.0,  2863684.134,  -6135651.958,  0.000
4545.0,  2870634.865,  -6132403.035,  0.000
4546.0,  2877581.910,  -6129146.239,  0.000
4547.0,  2884525.260,  -6125881.572,  0.000
4548.0,  2891464.907,  -6122609.040,  0.000
4549.0,  2898400.841,  -6119328.646,  0.000
4550.0,  2905333.053,  -6116040.395,  0.000
4551.0,  2912261.534,  -6112744.291,  0.000
4552.0,  2919186.277,  -6109440.338,  0.000
4553.0,  2926107.271,  -6106128.540,  0.000
4554.0,  2933024.507,  -6102808.901,  0.000
4555.0,  2939937.978,  -6099481.427,  0.000
4556.0,  2946847.674,  -6096146.121,  0.000
4557.0,  2953753.586,  -6092802.987,  0.000
4558.0,  2960655.705,  -6089452.030,  0.000
4559.0,  2967554.022,  -6086093.253,  0.000
4560.0,  2974448.530,  -6082726.662,  0.000
4561.0,  2981339.218,  -6079352.261,  0.000
4562.0,  2988226.078,  -6075970.054,  0.000
4563.0,  2995109.100,  -6072580.045,  0.000
4564.0,  3001988.278,  -6069182.239,  0.000
4565.0,  3008863.600,  -6065776.640,  0.000
4566.0,  3015735.059,  -6062363.252,  0.000
4567.0,  3022602.646,  -6058942.080,  0.000
4568.0,  3029466.352,  -6055513.128,  0.000
4569.0,  3036326.168,  -6052076.401,  0.000
4570.0,  3043182.085,  -6048631.902,  0.000
4571.0,  3050034.094,  -6045179.637,  0.000
4572.0,  3056882.188,  -6041719.610,  0.000
4573.0,  3063726.356,  -6038251.826,  0.000
4574.0,  3070566.590,  -6034776.288,  0.000
4575.0,  3077402.882,  -6031293.001,  0.000
4576.0,  3084235.222,  -6027801.970,  0.000
4577.0,  3091063.602,  -6024303.199,  0.000
4578.0,  3097888.013,  -6020796.693,  0.000
4579.0,  3104708.446,  -6017282.456,  0.000
4580.0,  3111524.892,  -6013760.492,  0.000
4581.0,  3118337.344,  -6010230.807,  0.000
4582.0,  3125145.791,  -6006693.405,  0.000
4583.0,  3131950.226,  -6003148.289,  0.000
4584.0,  3138750.639,  -5999595.466,  0.000
4585.0,  3145547.022,  -5996034.939,  0.000
4586.0,  3152339.366,  -5992466.713,  0.000
4587.0,  3159127.662,  -5988890.792,  0.000
4588.0,  3165911.902,  -5985307.182,  0.000
4589.0,  3172692.076,  -5981715.886,  0.000
4590.0,  3179468.177,  -5978116.910,  0.000
4591.0,  3186240.196,  -5974510.258,  0.000
4592.0,  3193008.123,  -5970895.934,  0.000
4593.0,  3199771.950,  -5967273.943,  0.000
4594.0,  3206531.669,  -5963644.291,  0.000
4595.0,  3213287.271,  -5960006.980,  0.000
4596.0,  3220038.746,  -5956362.018,  0.000
4597.0,  3226786.087,  -5952709.407,  0.000
4598.0,  3233529.285,  -5949049.152,  0.000
4599.0,  3240268.330,  -5945381.259,  0.000
4600.0,  3247003.216,  -5941705.732,  0.000
4601.0,  3253733.932,  -5938022.575,  0.000
4602.0,  3260460.470,  -5934331.794,  0.000
4603.0,  3267182.821,  -5930633.394,  0.000
4604.0,  3273900.978,  -5926927.378,  0.000
4605.0,  3280614.930,  -5923213.751,  0.000
4606.0,  3287324.671,  -5919492.520,  0.000
4607.0,  3294030.190,  -5915763.687,  0.000
4608.0,  3300731.480,  -5912027.259,  0.000
4609.0,  3307428.531,  -5908283.239,  0.000
4610.0,  3314121.336,  -5904531.633,  0.000
4611.0,  3320809.885,  -5900772.445,  0.000
4612.0,  3327494.170,  -5897005.681,  0.000
4613.0,  3334174.183,  -5893231.345,  0.000
4614.0,  3340849.914,  -5889449.442,  0.000
4615.0,  3347521.356,  -5885659.976,  0.000
4616.0,  3354188.500,  -5881862.953,  0.000
4617.0,  3360851.336,  -5878058.378,  0.000
4618.0,  3367509.857,  -5874246.255,  0.000
4619.0,  3374164.055,  -5870426.590,  0.000
4620.0,  3380813.919,  -5866599.387,  0.000
4621.0,  3387459.443,  -5862764.651,  0.000
4622.0,  3394100.617,  -5858922.387,  0.000
4623.0,  3400737.433,  -5855072.600,  0.000
4624.0,  3407369.883,  -5851215.295,  0.000
4625.0,  3413997.957,  -5847350.477,  0.000
4626.0,  3420621.647,  -5843478.150,  0.000
4627.0,  3427240.946,  -5839598.321,  0.000
4628.0,  3433855.844,  -5835710.993,  0.000
4629.0,  3440466.332,  -5831816.173,  0.000
4630.0,  3447072.403,  -5827913.864,  0.000
4631.0,  3453674.048,  -5824004.071,  0.000
4632.0,  3460271.258,  -5820086.801,  0.000
4633.0,  3466864.026,  -5816162.058,  0.000
4634.0,  3473452.341,  -5812229.846,  0.000
4635.0,  3480036.197,  -5808290.172,  0.000
4636.0,  3486615.584,  -5804343.039,  0.000
4637.0,  3493190.495,  -5800388.454,  0.000
4638.0,  3499760.920,  -5796426.420,  0.000
4639.0,  3506326.851,  -5792456.944,  0.000
4640.0,  3512888.280,  -5788480.030,  0.000
4641.0,  3519445.198,  -5784495.684,  0.000
4642.0,  3525997.598,  -5780503.911,  0.000
4643.0,  3532545.469,  -5776504.715,  0.000
4644.0,  3539088.805,  -5772498.101,  0.000
4645.0,  3545627.597,  -5768484.076,  0.000
4646.0,  3552161.836,  -5764462.644,  0.000
4647.0,  3558691.514,  -5760433.810,  0.000
4648.0,  3565216.623,  -5756397.580,  0.000
4649.0,  3571737.153,  -5752353.959,  0.000
4650.0,  3578253.098,  -5748302.951,  0.000
4651.0,  3584764.448,  -5744244.562,  0.000
4652.0,  3591271.195,  -5740178.798,  0.000
4653.0,  3597773.331,  -5736105.663,  0.000
4654.0,  3604270.847,  -5732025.162,  0.000
4655.0,  3610763.735,  -5727937.302,  0.000
4656.0,  3617251.987,  -5723842.087,  0.000
4657.0,  3623735.594,  -5719739.522,  0.000
4658.0,  3630214.548,  -5715629.613,  0.000
4659.0,  3636688.841,  -5711512.365,  0.000
4660.0,  3643158.465,  -5707387.783,  0.000
4661.0,  3649623.410,  -5703255.873,  0.000
4662.0,  3656083.670,  -5699116.640,  0.000
4663.0,  3662539.234,  -5694970.089,  0.000
4664.0,  3668990.096,  -5690816.225,  0.000
4665.0,  3675436.247,  -5686655.054,  0.000
4666.0,  3681877.679,  -5682486.582,  0.000
4667.0,  3688314.383,  -5678310.813,  0.000
4668.0,  3694746.351,  -5674127.753,  0.000
4669.0,  3701173.575,  -5669937.407,  0.000
4670.0,  3707596.046,  -5665739.781,  0.000
4671.0,  3714013.757,  -5661534.880,  0.000
4672.0,  3720426.699,  -5657322.710,  0.000
4673.0,  3726834.864,  -5653103.275,  0.000
4674.0,  3733238.244,  -5648876.582,  0.000
4675.0,  3739636.830,  -5644642.635,  0.000
4676.0,  3746030.614,  -5640401.440,  0.000
4677.0,  3752419.588,  -5636153.003,  0.000
4678.0,  3758803.744,  -5631897.329,  0.000
4679.0,  3765183.074,  -5627634.424,  0.000
4680.0,  3771557.569,  -5623364.292,  0.000
4681.0,  3777927.221,  -5619086.940,  0.000
4682.0,  3784292.022,  -5614802.373,  0.000
4683.0,  3790651.965,  -5610510.597,  0.000
4684.0,  3797007.039,  -5606211.616,  0.000
4685.0,  3803357.239,  -5601905.437,  0.000
4686.0,  3809702.555,  -5597592.065,  0.000
4687.0,  3816042.979,  -5593271.506,  0.000
4688.0,  3822378.503,  -5588943.764,  0.000
4689.0,  3828709.119,  -5584608.846,  0.000
4690.0,  3835034.819,  -5580266.758,  0.000
4691.0,  3841355.595,  -5575917.504,  0.000
4692.0,  3847671.438,  -5571561.091,  0.000
4693.0,  3853982.341,  -5567197.523,  0.000
4694.0,  3860288.296,  -5562826.808,  0.000
4695.0,  3866589.293,  -5558448.949,  0.000
4696.0,  3872885.326,  -5554063.953,  0.000
4697.0,  3879176.386,  -5549671.826,  0.000
4698.0,  3885462.465,  -5545272.573,  0.000
4699.0,  3891743.554,  -5540866.199,  0.000
4700.0,  3898019.647,  -5536452.711,  0.000
4701.0,  3904290.735,  -5532032.114,  0.000
4702.0,  3910556.809,  -5527604.414,  0.000
4703.0,  3916817.863,  -5523169.616,  0.000
4704.0,  3923073.886,  -5518727.726,  0.000
4705.0,  3929324.873,  -5514278.750,  0.000
4706.0,  3935570.814,  -5509822.694,  0.000
4707.0,  3941811.702,  -5505359.562,  0.000
4708.0,  3948047.529,  -5500889.362,  0.000
4709.0,  3954278.286,  -5496412.099,  0.000
4710.0,  3960503.965,  -5491927.778,  0.000
4711.0,  3966724.560,  -5487436.405,  0.000
4712.0,  3972940.061,  -5482937.986,  0.000
4713.0,  3979150.460,  -5478432.527,  0.000
4714.0,  3985355.750,  -5473920.034,  0.000
4715.0,  3991555.923,  -5469400.512,  0.000
4716.0,  3997750.971,  -5464873.967,  0.000
4717.0,  4003940.886,  -5460340.405,  0.000
4718.0,  4010125.659,  -5455799.832,  0.000
4719.0,  4016305.283,  -5451252.253,  0.000
4720.0,  4022479.750,  -5446697.675,  0.000
4721.0,  4028649.053,  -5442136.103,  0.000
4722.0,  4034813.182,  -5437567.544,  0.000
4723.0,  4040972.131,  -5432992.002,  0.000
4724.0,  4047125.890,  -5428409.484,  0.000
4725.0,  4053274.454,  -5423819.996,  0.000
4726.0,  4059417.812,  -5419223.544,  0.000
4727.0,  4065555.959,  -5414620.134,  0.000
4728.0,  4071688.885,  -5410009.770,  0.000
4729.0,  4077816.583,  -5405392.461,  0.000
4730.0,  4083939.045,  -5400768.210,  0.000
4731.0,  4090056.263,  -5396137.025,  0.000
4732.0,  4096168.229,  -5391498.911,  0.000
4733.0,  4102274.936,  -5386853.875,  0.000
4734.0,  4108376.375,  -5382201.921,  0.000
4735.0,  4114472.539,  -5377543.057,  0.000
4736.0,  4120563.420,  -5372877.287,  0.000
4737.0,  4126649.010,  -5368204.619,  0.000
4738.0,  4132729.301,  -5363525.058,  0.000
4739.0,  4138804.286,  -5358838.610,  0.000
4740.0,  4144873.957,  -5354145.281,  0.000
4741.0,  4150938.305,  -5349445.077,  0.000
4742.0,  4156997.323,  -5344738.004,  0.000
4743.0,  4163051.004,  -5340024.069,  0.000
4744.0,  4169099.339,  -5335303.277,  0.000
4745.0,  4175142.321,  -5330575.634,  0.000
4746.0,  4181179.942,  -5325841.147,  0.000
4747.0,  4187212.195,  -5321099.821,  0.000
4748.0,  4193239.071,  -5316351.663,  0.000
4749.0,  4199260.562,  -5311596.678,  0.000
4750.0,  4205276.662,  -5306834.873,  0.000
4751.0,  4211287.362,  -5302066.254,  0.000
4752.0,  4217292.654,  -5297290.827,  0.000
4753.0,  4223292.532,  -5292508.598,  0.000
4754.0,  4229286.987,  -5287719.574,  0.000
4755.0,  4235276.011,  -5282923.760,  0.000
4756.0,  4241259.597,  -5278121.162,  0.000
4757.0,  4247237.737,  -5273311.788,  0.000
4758.0,  4253210.423,  -5268495.642,  0.000
4759.0,  4259177.649,  -5263672.731,  0.000
4760.0,  4265139.405,  -5258843.062,  0.000
4761.0,  4271095.685,  -5254006.640,  0.000
4762.0,  4277046.480,  -5249163.472,  0.000
4763.0,  4282991.784,  -5244313.564,  0.000
4764.0,  4288931.589,  -5239456.922,  0.000
4765.0,  4294865.886,  -5234593.552,  0.000
4766.0,  4300794.668,  -5229723.461,  0.000
4767.0,  4306717.929,  -5224846.655,  0.000
4768.0,  4312635.659,  -5219963.140,  0.000
4769.0,  4318547.852,  -5215072.923,  0.000
4770.0,  4324454.499,  -5210176.009,  0.000
4771.0,  4330355.594,  -5205272.405,  0.000
4772.0,  4336251.129,  -5200362.118,  0.000
4773.0,  4342141.095,  -5195445.153,  0.000
4774.0,  4348025.487,  -5190521.517,  0.000
4775.0,  4353904.295,  -5185591.216,  0.000
4776.0,  4359777.513,  -5180654.257,  0.000
4777.0,  4365645.133,  -5175710.646,  0.000
4778.0,  4371507.147,  -5170760.389,  0.000
4779.0,  4377363.548,  -5165803.492,  0.000
4780.0,  4383214.328,  -5160839.963,  0.000
4781.0,  4389059.480,  -5155869.807,  0.000
4782.0,  4394898.997,  -5150893.031,  0.000
4783.0,  4400732.870,  -5145909.641,  0.000
4784.0,  4406561.093,  -5140919.643,  0.000
4785.0,  4412383.658,  -5135923.044,  0.000
4786.0,  4418200.557,  -5130919.851,  0.000
4787.0,  4424011.783,  -5125910.069,  0.000
4788.0,  4429817.328,  -5120893.706,  0.000
4789.0,  4435617.186,  -5115870.767,  0.000
4790.0,  4441411.347,  -5110841.259,  0.000
4791.0,  4447199.806,  -5105805.189,  0.000
4792.0,  4452982.555,  -5100762.563,  0.000
4793.0,  4458759.586,  -5095713.388,  0.000
4794.0,  4464530.892,  -5090657.669,  0.000
4795.0,  4470296.465,  -5085595.414,  0.000
4796.0,  4476056.299,  -5080526.628,  0.000
4797.0,  4481810.384,  -5075451.320,  0.000
4798.0,  4487558.716,  -5070369.494,  0.000
4799.0,  4493301.285,  -5065281.158,  0.000
4800.0,  4499038.084,  -5060186.318,  0.000
4801.0,  4504769.107,  -5055084.980,  0.000
4802.0,  4510494.345,  -5049977.151,  0.000
4803.0,  4516213.792,  -5044862.839,  0.000
4804.0,  4521927.440,  -5039742.048,  0.000
4805.0,  4527635.281,  -5034614.786,  0.000
4806.0,  4533337.309,  -5029481.060,  0.000
4807.0,  4539033.516,  -5024340.876,  0.000
4808.0,  4544723.895,  -5019194.240,  0.000
4809.0,  4550408.438,  -5014041.160,  0.000
4810.0,  4556087.139,  -5008881.641,  0.000
4811.0,  4561759.989,  -5003715.691,  0.000
4812.0,  4567426.982,  -4998543.316,  0.000
4813.0,  4573088.110,  -4993364.523,  0.000
4814.0,  4578743.366,  -4988179.318,  0.000
4815.0,  4584392.743,  -4982987.709,  0.000
4816.0,  4590036.234,  -4977789.700,  0.000
4817.0,  4595673.830,  -4972585.301,  0.000
4818.0,  4601305.526,  -4967374.516,  0.000
4819.0,  4606931.314,  -4962157.353,  0.000
4820.0,  4612551.186,  -4956933.819,  0.000
4821.0,  4618165.136,  -4951703.920,  0.000
4822.0,  4623773.155,  -4946467.662,  0.000
4823.0,  4629375.238,  -4941225.053,  0.000
4824.0,  4634971.376,  -4935976.100,  0.000
4825.0,  4640561.563,  -4930720.809,  0.000
4826.0,  4646145.792,  -4925459.186,  0.000
4827.0,  4651724.054,  -4920191.239,  0.000
4828.0,  4657296.344,  -4914916.975,  0.000
4829.0,  4662862.654,  -4909636.399,  0.000
4830.0,  4668422.976,  -4904349.520,  0.000
4831.0,  4673977.304,  -4899056.343,  0.000
4832.0,  4679525.630,  -4893756.875,  0.000
4833.0,  4685067.948,  -4888451.124,  0.000
4834.0,  4690604.250,  -4883139.096,  0.000
4835.0,  4696134.529,  -4877820.798,  0.000
4836.0,  4701658.779,  -4872496.237,  0.000
4837.0,  4707176.991,  -4867165.419,  0.000
4838.0,  4712689.159,  -4861828.352,  0.000
4839.0,  4718195.276,  -4856485.042,  0.000
4840.0,  4723695.334,  -4851135.496,  0.000
4841.0,  4729189.328,  -4845779.721,  0.000
4842.0,  4734677.248,  -4840417.724,  0.000
4843.0,  4740159.090,  -4835049.512,  0.000
4844.0,  4745634.845,  -4829675.091,  0.000
4845.0,  4751104.506,  -4824294.469,  0.000
4846.0,  4756568.067,  -4818907.653,  0.000
4847.0,  4762025.520,  -4813514.648,  0.000
4848.0,  4767476.859,  -4808115.464,  0.000
4849.0,  4772922.076,  -4802710.105,  0.000
4850.0,  4778361.164,  -4797298.580,  0.000
4851.0,  4783794.117,  -4791880.894,  0.000
4852.0,  4789220.928,  -4786457.056,  0.000
4853.0,  4794641.589,  -4781027.072,  0.000
4854.0,  4800056.093,  -4775590.949,  0.000
4855.0,  4805464.434,  -4770148.694,  0.000
4856.0,  4810866.605,  -4764700.314,  0.000
4857.0,  4816262.599,  -4759245.816,  0.000
4858.0,  4821652.408,  -4753785.207,  0.000
4859.0,  4827036.026,  -4748318.494,  0.000
4860.0,  4832413.446,  -4742845.684,  0.000
4861.0,  4837784.662,  -4737366.784,  0.000
4862.0,  4843149.665,  -4731881.802,  0.000
4863.0,  4848508.449,  -4726390.743,  0.000
4864.0,  4853861.008,  -4720893.615,  0.000
4865.0,  4859207.335,  -4715390.426,  0.000
4866.0,  4864547.422,  -4709881.182,  0.000
4867.0,  4869881.263,  -4704365.891,  0.000
4868.0,  4875208.851,  -4698844.559,  0.000
4869.0,  4880530.179,  -4693317.193,  0.000
4870.0,  4885845.240,  -4687783.801,  0.000
4871.0,  4891154.028,  -4682244.390,  0.000
4872.0,  4896456.535,  -4676698.967,  0.000
4873.0,  4901752.755,  -4671147.539,  0.000
4874.0,  4907042.681,  -4665590.112,  0.000
4875.0,  4912326.307,  -4660026.696,  0.000
4876.0,  4917603.625,  -4654457.295,  0.000
4877.0,  4922874.628,  -4648881.918,  0.000
4878.0,  4928139.310,  -4643300.572,  0.000
4879.0,  4933397.665,  -4637713.264,  0.000
4880.0,  4938649.685,  -4632120.000,  0.000
4881.0,  4943895.363,  -4626520.789,  0.000
4882.0,  4949134.694,  -4620915.638,  0.000
4883.0,  4954367.669,  -4615304.553,  0.000
4884.0,  4959594.283,  -4609687.541,  0.000
4885.0,  4964814.529,  -4604064.611,  0.000
4886.0,  4970028.400,  -4598435.769,  0.000
4887.0,  4975235.889,  -4592801.023,  0.000
4888.0,  4980436.990,  -4587160.379,  0.000
4889.0,  4985631.696,  -4581513.845,  0.000
4890.0,  4990820.000,  -4575861.429,  0.000
4891.0,  4996001.896,  -4570203.137,  0.000
4892.0,  5001177.377,  -4564538.976,  0.000
4893.0,  5006346.436,  -4558868.955,  0.000
4894.0,  5011509.067,  -4553193.080,  0.000
4895.0,  5016665.263,  -4547511.359,  0.000
4896.0,  5021815.017,  -4541823.798,  0.000
4897.0,  5026958.323,  -4536130.406,  0.000
4898.0,  5032095.175,  -4530431.189,  0.000
4899.0,  5037225.565,  -4524726.155,  0.000
4900.0,  5042349.487,  -4519015.311,  0.000
4901.0,  5047466.935,  -4513298.664,  0.000
4902.0,  5052577.901,  -4507576.222,  0.000
4903.0,  5057682.380,  -4501847.993,  0.000
4904.0,  5062780.365,  -4496113.983,  0.000
4905.0,  5067871.849,  -4490374.199,  0.000
4906.0,  5072956.826,  -4484628.650,  0.000
4907.0,  5078035.289,  -4478877.343,  0.000
4908.0,  5083107.231,  -4473120.285,  0.000
4909.0,  5088172.647,  -4467357.483,  0.000
4910.0,  5093231.530,  -4461588.944,  0.000
4911.0,  5098283.872,  -4455814.677,  0.000
4912.0,  5103329.668,  -4450034.689,  0.000
4913.0,  5108368.912,  -4444248.987,  0.000
4914.0,  5113401.596,  -4438457.578,  0.000
4915.0,  5118427.714,  -4432660.470,  0.000
4916.0,  5123447.260,  -4426857.670,  0.000
4917.0,  5128460.228,  -4421049.186,  0.000
4918.0,  5133466.610,  -4415235.025,  0.000
4919.0,  5138466.401,  -4409415.195,  0.000
4920.0,  5143459.594,  -4403589.704,  0.000
4921.0,  5148446.182,  -4397758.558,  0.000
4922.0,  5153426.160,  -4391921.765,  0.000
4923.0,  5158399.521,  -4386079.332,  0.000
4924.0,  5163366.258,  -4380231.268,  0.000
4925.0,  5168326.365,  -4374377.580,  0.000
4926.0,  5173279.836,  -4368518.275,  0.000
4927.0,  5178226.665,  -4362653.360,  0.000
4928.0,  5183166.844,  -4356782.844,  0.000
4929.0,  5188100.368,  -4350906.733,  0.000
4930.0,  5193027.230,  -4345025.036,  0.000
4931.0,  5197947.425,  -4339137.760,  0.000
4932.0,  5202860.945,  -4333244.912,  0.000
4933.0,  5207767.784,  -4327346.500,  0.000
4934.0,  5212667.937,  -4321442.531,  0.000
4935.0,  5217561.396,  -4315533.014,  0.000
4936.0,  5222448.156,  -4309617.955,  0.000
4937.0,  5227328.210,  -4303697.363,  0.000
4938.0,  5232201.552,  -4297771.245,  0.000
4939.0,  5237068.176,  -4291839.608,  0.000
4940.0,  5241928.075,  -4285902.461,  0.000
4941.0,  5246781.243,  -4279959.810,  0.000
4942.0,  5251627.674,  -4274011.663,  0.000
4943.0,  5256467.363,  -4268058.029,  0.000
4944.0,  5261300.301,  -4262098.914,  0.000
4945.0,  5266126.484,  -4256134.327,  0.000
4946.0,  5270945.905,  -4250164.275,  0.000
4947.0,  5275758.558,  -4244188.765,  0.000
4948.0,  5280564.437,  -4238207.806,  0.000
4949.0,  5285363.536,  -4232221.405,  0.000
4950.0,  5290155.848,  -4226229.569,  0.000
4951.0,  5294941.367,  -4220232.307,  0.000
4952.0,  5299720.087,  -4214229.626,  0.000
4953.0,  5304492.003,  -4208221.533,  0.000
4954.0,  5309257.107,  -4202208.038,  0.000
4955.0,  5314015.394,  -4196189.146,  0.000
4956.0,  5318766.858,  -4190164.867,  0.000
4957.0,  5323511.492,  -4184135.207,  0.000
4958.0,  5328249.290,  -4178100.175,  0.000
4959.0,  5332980.248,  -4172059.777,  0.000
4960.0,  5337704.357,  -4166014.023,  0.000
4961.0,  5342421.612,  -4159962.920,  0.000
4962.0,  5347132.008,  -4153906.475,  0.000
4963.0,  5351835.538,  -4147844.696,  0.000
4964.0,  5356532.196,  -4141777.591,  0.000
4965.0,  5361221.976,  -4135705.168,  0.000
4966.0,  5365904.872,  -4129627.435,  0.000
4967.0,  5370580.878,  -4123544.399,  0.000
4968.0,  5375249.988,  -4117456.069,  0.000
4969.0,  5379912.196,  -4111362.451,  0.000
4970.0,  5384567.497,  -4105263.555,  0.000
4971.0,  5389215.883,  -4099159.387,  0.000
4972.0,  5393857.349,  -4093049.956,  0.000
4973.0,  5398491.890,  -4086935.269,  0.000
4974.0,  5403119.498,  -4080815.334,  0.000
4975.0,  5407740.169,  -4074690.160,  0.000
4976.0,  5412353.896,  -4068559.753,  0.000
4977.0,  5416960.674,  -4062424.123,  0.000
4978.0,  5421560.496,  -4056283.276,  0.000
4979.0,  5426153.356,  -4050137.220,  0.000
4980.0,  5430739.250,  -4043985.965,  0.000
4981.0,  5435318.170,  -4037829.516,  0.000
4982.0,  5439890.111,  -4031667.883,  0.000
4983.0,  5444455.067,  -4025501.073,  0.000
4984.0,  5449013.032,  -4019329.094,  0.000
4985.0,  5453564.000,  -4013151.955,  0.000
4986.0,  5458107.966,  -4006969.662,  0.000
4987.0,  5462644.923,  -4000782.224,  0.000
4988.0,  5467174.867,  -3994589.649,  0.000
4989.0,  5471697.790,  -3988391.945,  0.000
4990.0,  5476213.687,  -3982189.120,  0.000
4991.0,  5480722.553,  -3975981.182,  0.000
4992.0,  5485224.382,  -3969768.138,  0.000
4993.0,  5489719.167,  -3963549.997,  0.000
4994.0,  5494206.903,  -3957326.766,  0.000
4995.0,  5498687.585,  -3951098.455,  0.000
4996.0,  5503161.206,  -3944865.069,  0.000
4997.0,  5507627.761,  -3938626.619,  0.000
4998.0,  5512087.244,  -3932383.111,  0.000
4999.0,  5516539.649,  -3926134.554,  0.000
5000.0,  5520984.971,  -3919880.956,  0.000
5001.0,  5525423.203,  -3913622.325,  0.000
5002.0,  5529854.341,  -3907358.668,  0.000
5003.0,  5534278.379,  -3901089.994,  0.000
5004.0,  5538695.310,  -3894816.311,  0.000
5005.0,  5543105.129,  -3888537.627,  0.000
5006.0,  5547507.831,  -3882253.950,  0.000
5007.0,  5551903.410,  -3875965.288,  0.000
5008.0,  5556291.860,  -3869671.649,  0.000
5009.0,  5560673.175,  -3863373.042,  0.000
5010.0,  5565047.351,  -3857069.473,  0.000
5011.0,  5569414.380,  -3850760.953,  0.000
5012.0,  5573774.259,  -3844447.487,  0.000
5013.0,  5578126.980,  -3838129.085,  0.000
5014.0,  5582472.539,  -3831805.755,  0.000
5015.0,  5586810.930,  -3825477.505,  0.000
5016.0,  5591142.148,  -3819144.343,  0.000
5017.0,  5595466.186,  -3812806.277,  0.000
5018.0,  5599783.039,  -3806463.315,  0.000
5019.0,  5604092.702,  -3800115.466,  0.000
5020.0,  5608395.170,  -3793762.737,  0.000
5021.0,  5612690.436,  -3787405.136,  0.000
5022.0,  5616978.495,  -3781042.673,  0.000
5023.0,  5621259.341,  -3774675.355,  0.000
5024.0,  5625532.970,  -3768303.190,  0.000
5025.0,  5629799.376,  -3761926.186,  0.000
5026.0,  5634058.552,  -3755544.352,  0.000
5027.0,  5638310.495,  -3749157.695,  0.000
5028.0,  5642555.197,  -3742766.225,  0.000
5029.0,  5646792.655,  -3736369.948,  0.000
5030.0,  5651022.861,  -3729968.875,  0.000
5031.0,  5655245.812,  -3723563.011,  0.000
5032.0,  5659461.501,  -3717152.367,  0.000
5033.0,  5663669.924,  -3710736.949,  0.000
5034.0,  5667871.073,  -3704316.767,  0.000
5035.0,  5672064.946,  -3697891.829,  0.000
5036.0,  5676251.535,  -3691462.142,  0.000
5037.0,  5680430.835,  -3685027.715,  0.000
5038.0,  5684602.842,  -3678588.557,  0.000
5039.0,  5688767.550,  -3672144.675,  0.000
5040.0,  5692924.953,  -3665696.078,  0.000
5041.0,  5697075.046,  -3659242.775,  0.000
5042.0,  5701217.824,  -3652784.772,  0.000
5043.0,  5705353.281,  -3646322.079,  0.000
5044.0,  5709481.413,  -3639854.705,  0.000
5045.0,  5713602.213,  -3633382.656,  0.000
5046.0,  5717715.677,  -3626905.943,  0.000
5047.0,  5721821.799,  -3620424.572,  0.000
5048.0,  5725920.574,  -3613938.552,  0.000
5049.0,  5730011.997,  -3607447.893,  0.000
5050.0,  5734096.063,  -3600952.601,  0.000
5051.0,  5738172.765,  -3594452.685,  0.000
5052.0,  5742242.100,  -3587948.154,  0.000
5053.0,  5746304.062,  -3581439.016,  0.000
5054.0,  5750358.645,  -3574925.279,  0.000
5055.0,  5754405.844,  -3568406.952,  0.000
5056.0,  5758445.655,  -3561884.043,  0.000
5057.0,  5762478.071,  -3555356.560,  0.000
5058.0,  5766503.089,  -3548824.512,  0.000
5059.0,  5770520.702,  -3542287.907,  0.000
5060.0,  5774530.905,  -3535746.754,  0.000
5061.0,  5778533.694,  -3529201.061,  0.000
5062.0,  5782529.063,  -3522650.837,  0.000
5063.0,  5786517.007,  -3516096.089,  0.000
5064.0,  5790497.521,  -3509536.826,  0.000
5065.0,  5794470.600,  -3502973.057,  0.000
5066.0,  5798436.238,  -3496404.790,  0.000
5067.0,  5802394.431,  -3489832.034,  0.000
5068.0,  5806345.174,  -3483254.796,  0.000
5069.0,  5810288.461,  -3476673.086,  0.000
5070.0,  5814224.288,  -3470086.912,  0.000
5071.0,  5818152.649,  -3463496.282,  0.000
5072.0,  5822073.539,  -3456901.205,  0.000
5073.0,  5825986.953,  -3450301.689,  0.000
5074.0,  5829892.887,  -3443697.743,  0.000
5075.0,  5833791.335,  -3437089.375,  0.000
5076.0,  5837682.292,  -3430476.594,  0.000
5077.0,  5841565.754,  -3423859.407,  0.000
5078.0,  5845441.715,  -3417237.825,  0.000
5079.0,  5849310.170,  -3410611.855,  0.000
5080.0,  5853171.114,  -3403981.505,  0.000
5081.0,  5857024.543,  -3397346.784,  0.000
5082.0,  5860870.451,  -3390707.702,  0.000
5083.0,  5864708.833,  -3384064.265,  0.000
5084.0,  5868539.685,  -3377416.483,  0.000
5085.0,  5872363.002,  -3370764.365,  0.000
5086.0,  5876178.778,  -3364107.918,  0.000
5087.0,  5879987.009,  -3357447.151,  0.000
5088.0,  5883787.690,  -3350782.074,  0.000
5089.0,  5887580.816,  -3344112.694,  0.000
5090.0,  5891366.383,  -3337439.020,  0.000
5091.0,  5895144.384,  -3330761.061,  0.000
5092.0,  5898914.816,  -3324078.825,  0.000
5093.0,  5902677.674,  -3317392.321,  0.000
5094.0,  5906432.952,  -3310701.557,  0.000
5095.0,  5910180.647,  -3304006.542,  0.000
5096.0,  5913920.752,  -3297307.285,  0.000
5097.0,  5917653.264,  -3290603.793,  0.000
5098.0,  5921378.177,  -3283896.077,  0.000
5099.0,  5925095.487,  -3277184.144,  0.000
5100.0,  5928805.189,  -3270468.003,  0.000
5101.0,  5932507.279,  -3263747.662,  0.000
5102.0,  5936201.751,  -3257023.131,  0.000
5103.0,  5939888.600,  -3250294.418,  0.000
5104.0,  5943567.823,  -3243561.531,  0.000
5105.0,  5947239.413,  -3236824.479,  0.000
5106.0,  5950903.368,  -3230083.271,  0.000
5107.0,  5954559.681,  -3223337.916,  0.000
5108.0,  5958208.348,  -3216588.421,  0.000
5109.0,  5961849.365,  -3209834.797,  0.000
5110.0,  5965482.727,  -3203077.051,  0.000
5111.0,  5969108.429,  -3196315.192,  0.000
5112.0,  5972726.466,  -3189549.229,  0.000
5113.0,  5976336.834,  -3182779.171,  0.000
5114.0,  5979939.528,  -3176005.025,  0.000
5115.0,  5983534.544,  -3169226.802,  0.000
5116.0,  5987121.877,  -3162444.509,  0.000
5117.0,  5990701.522,  -3155658.156,  0.000
5118.0,  5994273.475,  -3148867.750,  0.000
5119.0,  5997837.731,  -3142073.302,  0.000
5120.0,  6001394.286,  -3135274.818,  0.000
5121.0,  6004943.134,  -3128472.309,  0.000
5122.0,  6008484.272,  -3121665.783,  0.000
5123.0,  6012017.695,  -3114855.249,  0.000
5124.0,  6015543.399,  -3108040.715,  0.000
5125.0,  6019061.378,  -3101222.190,  0.000
5126.0,  6022571.629,  -3094399.683,  0.000
5127.0,  6026074.146,  -3087573.203,  0.000
5128.0,  6029568.926,  -3080742.759,  0.000
5129.0,  6033055.963,  -3073908.358,  0.000
5130.0,  6036535.254,  -3067070.011,  0.000
5131.0,  6040006.794,  -3060227.725,  0.000
5132.0,  6043470.578,  -3053381.510,  0.000
5133.0,  6046926.602,  -3046531.374,  0.000
5134.0,  6050374.862,  -3039677.327,  0.000
5135.0,  6053815.353,  -3032819.376,  0.000
5136.0,  6057248.071,  -3025957.531,  0.000
5137.0,  6060673.011,  -3019091.801,  0.000
5138.0,  6064090.168,  -3012222.194,  0.000
5139.0,  6067499.540,  -3005348.719,  0.000
5140.0,  6070901.120,  -2998471.386,  0.000
5141.0,  6074294.905,  -2991590.202,  0.000
5142.0,  6077680.891,  -2984705.177,  0.000
5143.0,  6081059.073,  -2977816.319,  0.000
5144.0,  6084429.446,  -2970923.638,  0.000
5145.0,  6087792.007,  -2964027.142,  0.000
5146.0,  6091146.751,  -2957126.840,  0.000
5147.0,  6094493.674,  -2950222.741,  0.000
5148.0,  6097832.771,  -2943314.854,  0.000
5149.0,  6101164.038,  -2936403.188,  0.000
5150.0,  6104487.471,  -2929487.751,  0.000
5151.0,  6107803.066,  -2922568.553,  0.000
5152.0,  6111110.818,  -2915645.601,  0.000
5153.0,  6114410.724,  -2908718.907,  0.000
5154.0,  6117702.778,  -2901788.477,  0.000
5155.0,  6120986.977,  -2894854.321,  0.000
5156.0,  6124263.316,  -2887916.448,  0.000
5157.0,  6127531.792,  -2880974.867,  0.000
5158.0,  6130792.399,  -2874029.587,  0.000
5159.0,  6134045.135,  -2867080.617,  0.000
5160.0,  6137289.994,  -2860127.965,  0.000
5161.0,  6140526.973,  -2853171.640,  0.000
5162.0,  6143756.067,  -2846211.652,  0.000
5163.0,  6146977.272,  -2839248.009,  0.000
5164.0,  6150190.585,  -2832280.721,  0.000
5165.0,  6153396.000,  -2825309.796,  0.000
5166.0,  6156593.514,  -2818335.243,  0.000
5167.0,  6159783.123,  -2811357.071,  0.000
5168.0,  6162964.823,  -2804375.289,  0.000
5169.0,  6166138.609,  -2797389.907,  0.000
5170.0,  6169304.477,  -2790400.932,  0.000
5171.0,  6172462.424,  -2783408.375,  0.000
5172.0,  6175612.446,  -2776412.243,  0.000
5173.0,  6178754.537,  -2769412.547,  0.000
5174.0,  6181888.695,  -2762409.294,  0.000
5175.0,  6185014.915,  -2755402.495,  0.000
5176.0,  6188133.194,  -2748392.157,  0.000
5177.0,  6191243.526,  -2741378.291,  0.000
5178.0,  6194345.909,  -2734360.904,  0.000
5179.0,  6197440.338,  -2727340.006,  0.000
5180.0,  6200526.810,  -2720315.607,  0.000
5181.0,  6203605.319,  -2713287.714,  0.000
5182.0,  6206675.864,  -2706256.338,  0.000
5183.0,  6209738.438,  -2699221.486,  0.000
5184.0,  6212793.039,  -2692183.169,  0.000
5185.0,  6215839.663,  -2685141.395,  0.000
5186.0,  6218878.305,  -2678096.173,  0.000
5187.0,  6221908.962,  -2671047.512,  0.000
5188.0,  6224931.630,  -2663995.421,  0.000
5189.0,  6227946.304,  -2656939.910,  0.000
5190.0,  6230952.982,  -2649880.988,  0.000
5191.0,  6233951.659,  -2642818.662,  0.000
5192.0,  6236942.332,  -2635752.944,  0.000
5193.0,  6239924.996,  -2628683.840,  0.000
5194.0,  6242899.648,  -2621611.362,  0.000
5195.0,  6245866.284,  -2614535.517,  0.000
5196.0,  6248824.899,  -2607456.315,  0.000
5197.0,  6251775.492,  -2600373.765,  0.000
5198.0,  6254718.056,  -2593287.877,  0.000
5199.0,  6257652.590,  -2586198.658,  0.000
5200.0,  6260579.088,  -2579106.118,  0.000
5201.0,  6263497.547,  -2572010.267,  0.000
5202.0,  6266407.964,  -2564911.113,  0.000
5203.0,  6269310.335,  -2557808.666,  0.000
5204.0,  6272204.656,  -2550702.935,  0.000
5205.0,  6275090.923,  -2543593.928,  0.000
5206.0,  6277969.132,  -2536481.655,  0.000
5207.0,  6280839.281,  -2529366.126,  0.000
5208.0,  6283701.364,  -2522247.348,  0.000
5209.0,  6286555.379,  -2515125.332,  0.000
5210.0,  6289401.322,  -2508000.087,  0.000
5211.0,  6292239.190,  -2500871.621,  0.000
5212.0,  6295068.977,  -2493739.943,  0.000
5213.0,  6297890.682,  -2486605.064,  0.000
5214.0,  6300704.300,  -2479466.992,  0.000
5215.0,  6303509.828,  -2472325.736,  0.000
5216.0,  6306307.261,  -2465181.306,  0.000
5217.0,  6309096.597,  -2458033.710,  0.000
5218.0,  6311877.832,  -2450882.958,  0.000
5219.0,  6314650.963,  -2443729.059,  0.000
5220.0,  6317415.985,  -2436572.023,  0.000
5221.0,  6320172.895,  -2429411.857,  0.000
5222.0,  6322921.691,  -2422248.572,  0.000
5223.0,  6325662.367,  -2415082.177,  0.000
5224.0,  6328394.921,  -2407912.681,  0.000
5225.0,  6331119.349,  -2400740.093,  0.000
5226.0,  6333835.647,  -2393564.422,  0.000
5227.0,  6336543.813,  -2386385.678,  0.000
5228.0,  6339243.842,  -2379203.870,  0.000
5229.0,  6341935.732,  -2372019.007,  0.000
5230.0,  6344619.478,  -2364831.098,  0.000
5231.0,  6347295.078,  -2357640.152,  0.000
5232.0,  6349962.527,  -2350446.179,  0.000
5233.0,  6352621.823,  -2343249.188,  0.000
5234.0,  6355272.962,  -2336049.189,  0.000
5235.0,  6357915.941,  -2328846.189,  0.000
5236.0,  6360550.755,  -2321640.200,  0.000
5237.0,  6363177.403,  -2314431.229,  0.000
5238.0,  6365795.880,  -2307219.287,  0.000
5239.0,  6368406.183,  -2300004.382,  0.000
5240.0,  6371008.309,  -2292786.523,  0.000
5241.0,  6373602.254,  -2285565.721,  0.000
5242.0,  6376188.016,  -2278341.984,  0.000
5243.0,  6378765.590,  -2271115.321,  0.000
5244.0,  6381334.973,  -2263885.743,  0.000
5245.0,  6383896.163,  -2256653.257,  0.000
5246.0,  6386449.156,  -2249417.874,  0.000
5247.0,  6388993.948,  -2242179.602,  0.000
5248.0,  6391530.536,  -2234938.452,  0.000
5249.0,  6394058.918,  -2227694.431,  0.000
5250.0,  6396579.089,  -2220447.550,  0.000
5251.0,  6399091.047,  -2213197.819,  0.000
5252.0,  6401594.788,  -2205945.245,  0.000
5253.0,  6404090.309,  -2198689.839,  0.000
5254.0,  6406577.608,  -2191431.609,  0.000
5255.0,  6409056.680,  -2184170.566,  0.000
5256.0,  6411527.522,  -2176906.718,  0.000
5257.0,  6413990.132,  -2169640.075,  0.000
5258.0,  6416444.506,  -2162370.646,  0.000
5259.0,  6418890.641,  -2155098.440,  0.000
5260.0,  6421328.534,  -2147823.467,  0.000
5261.0,  6423758.182,  -2140545.737,  0.000
5262.0,  6426179.582,  -2133265.258,  0.000
5263.0,  6428592.730,  -2125982.039,  0.000
5264.0,  6430997.624,  -2118696.091,  0.000
5265.0,  6433394.259,  -2111407.422,  0.000
5266.0,  6435782.635,  -2104116.042,  0.000
5267.0,  6438162.746,  -2096821.961,  0.000
5268.0,  6440534.591,  -2089525.187,  0.000
5269.0,  6442898.166,  -2082225.730,  0.000
5270.0,  6445253.467,  -2074923.599,  0.000
5271.0,  6447600.493,  -2067618.804,  0.000
5272.0,  6449939.240,  -2060311.354,  0.000
5273.0,  6452269.705,  -2053001.259,  0.000
5274.0,  6454591.885,  -2045688.528,  0.000
5275.0,  6456905.777,  -2038373.169,  0.000
5276.0,  6459211.379,  -2031055.194,  0.000
5277.0,  6461508.686,  -2023734.610,  0.000
5278.0,  6463797.697,  -2016411.428,  0.000
5279.0,  6466078.408,  -2009085.657,  0.000
5280.0,  6468350.816,  -2001757.306,  0.000
5281.0,  6470614.918,  -1994426.385,  0.000
5282.0,  6472870.712,  -1987092.903,  0.000
5283.0,  6475118.195,  -1979756.869,  0.000
5284.0,  6477357.363,  -1972418.293,  0.000
5285.0,  6479588.215,  -1965077.185,  0.000
5286.0,  6481810.746,  -1957733.553,  0.000
5287.0,  6484024.954,  -1950387.408,  0.000
5288.0,  6486230.837,  -1943038.758,  0.000
5289.0,  6488428.391,  -1935687.613,  0.000
5290.0,  6490617.613,  -1928333.983,  0.000
5291.0,  6492798.502,  -1920977.877,  0.000
5292.0,  6494971.053,  -1913619.304,  0.000
5293.0,  6497135.265,  -1906258.274,  0.000
5294.0,  6499291.134,  -1898894.796,  0.000
5295.0,  6501438.658,  -1891528.880,  0.000
5296.0,  6503577.834,  -1884160.535,  0.000
5297.0,  6505708.659,  -1876789.771,  0.000
5298.0,  6507831.130,  -1869416.597,  0.000
5299.0,  6509945.245,  -1862041.023,  0.000
5300.0,  6512051.001,  -1854663.058,  0.000
5301.0,  6514148.396,  -1847282.711,  0.000
5302.0,  6516237.426,  -1839899.992,  0.000
5303.0,  6518318.089,  -1832514.911,  0.000
5304.0,  6520390.382,  -1825127.477,  0.000
5305.0,  6522454.302,  -1817737.699,  0.000
5306.0,  6524509.848,  -1810345.587,  0.000
5307.0,  6526557.016,  -1802951.151,  0.000
5308.0,  6528595.803,  -1795554.399,  0.000
5309.0,  6530626.208,  -1788155.342,  0.000
5310.0,  6532648.227,  -1780753.989,  0.000
5311.0,  6534661.858,  -1773350.350,  0.000
5312.0,  6536667.098,  -1765944.433,  0.000
5313.0,  6538663.945,  -1758536.249,  0.000
5314.0,  6540652.396,  -1751125.807,  0.000
5315.0,  6542632.449,  -1743713.116,  0.000
5316.0,  6544604.100,  -1736298.186,  0.000
5317.0,  6546567.348,  -1728881.027,  0.000
5318.0,  6548522.190,  -1721461.648,  0.000
5319.0,  6550468.624,  -1714040.058,  0.000
5320.0,  6552406.646,  -1706616.268,  0.000
5321.0,  6554336.255,  -1699190.286,  0.000
5322.0,  6556257.448,  -1691762.123,  0.000
5323.0,  6558170.222,  -1684331.787,  0.000
5324.0,  6560074.576,  -1676899.288,  0.000
5325.0,  6561970.506,  -1669464.636,  0.000
5326.0,  6563858.010,  -1662027.841,  0.000
5327.0,  6565737.086,  -1654588.911,  0.000
5328.0,  6567607.732,  -1647147.857,  0.000
5329.0,  6569469.944,  -1639704.688,  0.000
5330.0,  6571323.721,  -1632259.413,  0.000
5331.0,  6573169.060,  -1624812.043,  0.000
5332.0,  6575005.959,  -1617362.586,  0.000
5333.0,  6576834.415,  -1609911.052,  0.000
5334.0,  6578654.427,  -1602457.452,  0.000
5335.0,  6580465.991,  -1595001.793,  0.000
5336.0,  6582269.106,  -1587544.087,  0.000
5337.0,  6584063.768,  -1580084.342,  0.000
5338.0,  6585849.977,  -1572622.568,  0.000
5339.0,  6587627.729,  -1565158.775,  0.000
5340.0,  6589397.022,  -1557692.973,  0.000
5341.0,  6591157.855,  -1550225.170,  0.000
5342.0,  6592910.224,  -1542755.376,  0.000
5343.0,  6594654.127,  -1535283.602,  0.000
5344.0,  6596389.563,  -1527809.856,  0.000
5345.0,  6598116.529,  -1520334.149,  0.000
5346.0,  6599835.022,  -1512856.489,  0.000
5347.0,  6601545.041,  -1505376.887,  0.000
5348.0,  6603246.584,  -1497895.351,  0.000
5349.0,  6604939.647,  -1490411.893,  0.000
5350.0,  6606624.230,  -1482926.520,  0.000
5351.0,  6608300.329,  -1475439.244,  0.000
5352.0,  6609967.943,  -1467950.073,  0.000
5353.0,  6611627.070,  -1460459.017,  0.000
5354.0,  6613277.707,  -1452966.086,  0.000
5355.0,  6614919.853,  -1445471.289,  0.000
5356.0,  6616553.504,  -1437974.636,  0.000
5357.0,  6618178.660,  -1430476.137,  0.000
5358.0,  6619795.318,  -1422975.801,  0.000
5359.0,  6621403.475,  -1415473.638,  0.000
5360.0,  6623003.131,  -1407969.657,  0.000
5361.0,  6624594.282,  -1400463.868,  0.000
5362.0,  6626176.927,  -1392956.282,  0.000
5363.0,  6627751.064,  -1385446.906,  0.000
5364.0,  6629316.691,  -1377935.752,  0.000
5365.0,  6630873.805,  -1370422.828,  0.000
5366.0,  6632422.405,  -1362908.145,  0.000
5367.0,  6633962.489,  -1355391.711,  0.000
5368.0,  6635494.054,  -1347873.537,  0.000
5369.0,  6637017.100,  -1340353.633,  0.000
5370.0,  6638531.623,  -1332832.007,  0.000
5371.0,  6640037.622,  -1325308.670,  0.000
5372.0,  6641535.094,  -1317783.631,  0.000
5373.0,  6643024.039,  -1310256.900,  0.000
5374.0,  6644504.454,  -1302728.487,  0.000
5375.0,  6645976.337,  -1295198.401,  0.000
5376.0,  6647439.687,  -1287666.652,  0.000
5377.0,  6648894.501,  -1280133.249,  0.000
5378.0,  6650340.777,  -1272598.203,  0.000
5379.0,  6651778.515,  -1265061.523,  0.000
5380.0,  6653207.711,  -1257523.218,  0.000
5381.0,  6654628.364,  -1249983.299,  0.000
5382.0,  6656040.472,  -1242441.774,  0.000
5383.0,  6657444.034,  -1234898.654,  0.000
5384.0,  6658839.047,  -1227353.949,  0.000
5385.0,  6660225.510,  -1219807.668,  0.000
5386.0,  6661603.421,  -1212259.820,  0.000
5387.0,  6662972.779,  -1204710.416,  0.000
5388.0,  6664333.580,  -1197159.464,  0.000
5389.0,  6665685.825,  -1189606.976,  0.000
5390.0,  6667029.510,  -1182052.960,  0.000
5391.0,  6668364.635,  -1174497.426,  0.000
5392.0,  6669691.198,  -1166940.385,  0.000
5393.0,  6671009.196,  -1159381.844,  0.000
5394.0,  6672318.628,  -1151821.816,  0.000
5395.0,  6673619.493,  -1144260.308,  0.000
5396.0,  6674911.789,  -1136697.331,  0.000
5397.0,  6676195.514,  -1129132.894,  0.000
5398.0,  6677470.666,  -1121567.007,  0.000
5399.0,  6678737.245,  -1113999.681,  0.000
5400.0,  6679995.247,  -1106430.924,  0.000
5401.0,  6681244.672,  -1098860.746,  0.000
5402.0,  6682485.519,  -1091289.157,  0.000
5403.0,  6683717.784,  -1083716.167,  0.000
5404.0,  6684941.468,  -1076141.785,  0.000
5405.0,  6686156.567,  -1068566.022,  0.000
5406.0,  6687363.082,  -1060988.887,  0.000
5407.0,  6688561.009,  -1053410.389,  0.000
5408.0,  6689750.349,  -1045830.538,  0.000
5409.0,  6690931.098,  -1038249.345,  0.000
5410.0,  6692103.256,  -1030666.819,  0.000
5411.0,  6693266.821,  -1023082.969,  0.000
5412.0,  6694421.792,  -1015497.805,  0.000
5413.0,  6695568.166,  -1007911.338,  0.000
5414.0,  6696705.944,  -1000323.576,  0.000
5415.0,  6697835.122,  -992734.530,  0.000
5416.0,  6698955.700,  -985144.209,  0.000
5417.0,  6700067.677,  -977552.623,  0.000
5418.0,  6701171.050,  -969959.782,  0.000
5419.0,  6702265.819,  -962365.696,  0.000
5420.0,  6703351.982,  -954770.373,  0.000
5421.0,  6704429.537,  -947173.825,  0.000
5422.0,  6705498.484,  -939576.061,  0.000
5423.0,  6706558.820,  -931977.090,  0.000
5424.0,  6707610.545,  -924376.922,  0.000
5425.0,  6708653.658,  -916775.568,  0.000
5426.0,  6709688.156,  -909173.036,  0.000
5427.0,  6710714.038,  -901569.337,  0.000
5428.0,  6711731.304,  -893964.480,  0.000
5429.0,  6712739.952,  -886358.476,  0.000
5430.0,  6713739.980,  -878751.333,  0.000
5431.0,  6714731.387,  -871143.062,  0.000
5432.0,  6715714.173,  -863533.672,  0.000
5433.0,  6716688.335,  -855923.174,  0.000
5434.0,  6717653.873,  -848311.576,  0.000
5435.0,  6718610.785,  -840698.890,  0.000
5436.0,  6719559.070,  -833085.123,  0.000
5437.0,  6720498.727,  -825470.287,  0.000
5438.0,  6721429.755,  -817854.392,  0.000
5439.0,  6722352.151,  -810237.445,  0.000
5440.0,  6723265.917,  -802619.459,  0.000
5441.0,  6724171.049,  -795000.442,  0.000
5442.0,  6725067.547,  -787380.404,  0.000
5443.0,  6725955.410,  -779759.355,  0.000
5444.0,  6726834.636,  -772137.305,  0.000
5445.0,  6727705.225,  -764514.264,  0.000
5446.0,  6728567.176,  -756890.240,  0.000
5447.0,  6729420.486,  -749265.245,  0.000
5448.0,  6730265.156,  -741639.288,  0.000
5449.0,  6731101.184,  -734012.378,  0.000
5450.0,  6731928.569,  -726384.526,  0.000
5451.0,  6732747.309,  -718755.742,  0.000
5452.0,  6733557.405,  -711126.034,  0.000
5453.0,  6734358.854,  -703495.413,  0.000
5454.0,  6735151.657,  -695863.889,  0.000
5455.0,  6735935.811,  -688231.472,  0.000
5456.0,  6736711.316,  -680598.170,  0.000
5457.0,  6737478.170,  -672963.995,  0.000
5458.0,  6738236.374,  -665328.956,  0.000
5459.0,  6738985.925,  -657693.062,  0.000
5460.0,  6739726.823,  -650056.324,  0.000
5461.0,  6740459.067,  -642418.751,  0.000
5462.0,  6741182.656,  -634780.354,  0.000
5463.0,  6741897.590,  -627141.141,  0.000
5464.0,  6742603.866,  -619501.123,  0.000
5465.0,  6743301.484,  -611860.309,  0.000
5466.0,  6743990.444,  -604218.710,  0.000
5467.0,  6744670.744,  -596576.335,  0.000
5468.0,  6745342.384,  -588933.194,  0.000
5469.0,  6746005.363,  -581289.297,  0.000
5470.0,  6746659.679,  -573644.653,  0.000
5471.0,  6747305.333,  -565999.273,  0.000
5472.0,  6747942.322,  -558353.166,  0.000
5473.0,  6748570.647,  -550706.342,  0.000
5474.0,  6749190.307,  -543058.811,  0.000
5475.0,  6749801.300,  -535410.582,  0.000
5476.0,  6750403.626,  -527761.666,  0.000
5477.0,  6750997.285,  -520112.073,  0.000
5478.0,  6751582.275,  -512461.811,  0.000
5479.0,  6752158.595,  -504810.892,  0.000
5480.0,  6752726.246,  -497159.324,  0.000
5481.0,  6753285.226,  -489507.118,  0.000
5482.0,  6753835.534,  -481854.284,  0.000
5483.0,  6754377.170,  -474200.831,  0.000
5484.0,  6754910.133,  -466546.768,  0.000
5485.0,  6755434.423,  -458892.107,  0.000
5486.0,  6755950.038,  -451236.857,  0.000
5487.0,  6756456.979,  -443581.027,  0.000
5488.0,  6756955.244,  -435924.627,  0.000
5489.0,  6757444.832,  -428267.668,  0.000
5490.0,  6757925.744,  -420610.159,  0.000
5491.0,  6758397.979,  -412952.110,  0.000
5492.0,  6758861.535,  -405293.530,  0.000
5493.0,  6759316.413,  -397634.431,  0.000
5494.0,  6759762.611,  -389974.820,  0.000
5495.0,  6760200.130,  -382314.709,  0.000
5496.0,  6760628.968,  -374654.107,  0.000
5497.0,  6761049.126,  -366993.024,  0.000
5498.0,  6761460.601,  -359331.469,  0.000
5499.0,  6761863.395,  -351669.454,  0.000
5500.0,  6762257.507,  -344006.986,  0.000
5501.0,  6762642.935,  -336344.077,  0.000
5502.0,  6763019.680,  -328680.736,  0.000
5503.0,  6763387.741,  -321016.973,  0.000
5504.0,  6763747.117,  -313352.798,  0.000
5505.0,  6764097.809,  -305688.221,  0.000
5506.0,  6764439.815,  -298023.251,  0.000
5507.0,  6764773.135,  -290357.898,  0.000
5508.0,  6765097.769,  -282692.172,  0.000
5509.0,  6765413.716,  -275026.084,  0.000
5510.0,  6765720.977,  -267359.642,  0.000
5511.0,  6766019.550,  -259692.857,  0.000
5512.0,  6766309.435,  -252025.739,  0.000
5513.0,  6766590.631,  -244358.297,  0.000
5514.0,  6766863.139,  -236690.541,  0.000
5515.0,  6767126.959,  -229022.481,  0.000
5516.0,  6767382.089,  -221354.127,  0.000
5517.0,  6767628.529,  -213685.489,  0.000
5518.0,  6767866.279,  -206016.577,  0.000
5519.0,  6768095.340,  -198347.400,  0.000
5520.0,  6768315.709,  -190677.968,  0.000
5521.0,  6768527.388,  -183008.292,  0.000
5522.0,  6768730.376,  -175338.380,  0.000
5523.0,  6768924.673,  -167668.244,  0.000
5524.0,  6769110.278,  -159997.892,  0.000
5525.0,  6769287.191,  -152327.334,  0.000
5526.0,  6769455.412,  -144656.581,  0.000
5527.0,  6769614.941,  -136985.643,  0.000
5528.0,  6769765.777,  -129314.528,  0.000
5529.0,  6769907.921,  -121643.247,  0.000
5530.0,  6770041.371,  -113971.811,  0.000
5531.0,  6770166.129,  -106300.227,  0.000
5532.0,  6770282.194,  -98628.508,  0.000
5533.0,  6770389.565,  -90956.661,  0.000
5534.0,  6770488.243,  -83284.698,  0.000
5535.0,  6770578.227,  -75612.628,  0.000
5536.0,  6770659.518,  -67940.461,  0.000
5537.0,  6770732.115,  -60268.207,  0.000
5538.0,  6770796.017,  -52595.875,  0.000
5539.0,  6770851.226,  -44923.476,  0.000
5540.0,  6770897.741,  -37251.019,  0.000
5541.0,  6770935.562,  -29578.514,  0.000
5542.0,  6770964.688,  -21905.971,  0.000
5543.0,  6770985.121,  -14233.400,  0.000
5544.0,  6770996.859,  -6560.811,  0.000
